OrderID,CustomerID,Product,Category,Quantity,Price,OrderDate
066d65fe-a502-408f-b3ab-7a90bb6ada28,6135,eight,Toys,2,54.34,2025-06-16
c93e8b49-5ab1-46e8-935e-11ca0ed26ee5,8814,statement,Fashion,3,143.07,2024-12-30
7d2adf9a-854f-4edb-b6c2-5debe93250e2,2633,sign,Home,6,395.04,2024-11-18
f17f31f0-b0d3-4719-bfaf-e00d56ec9398,6488,seat,Electronics,6,252.51,2024-11-25
5356708f-467e-456d-9a6a-ef46ba1a0caa,1007,cut,Home,2,422.96,2025-04-07
8b969ff2-527b-4267-a271-0c4088fea4b3,2001,front,Electronics,8,97.36,2025-02-09
3a92ecb4-ec52-487c-aaad-e4baffe43fc3,9166,sort,Toys,8,130.49,2025-02-10
93636aee-9bf8-4380-abc5-0c1fb6e5a8a4,1314,still,Home,6,480.43,2025-01-18
75744a48-7c79-4284-8c92-b053c8d6ab23,5786,friend,Electronics,7,17.7,2025-09-06
414a1c52-2dd5-418e-8d17-d34df1653aea,2919,name,Fashion,8,314.9,2025-03-06
58a5b266-b166-499e-b3cb-58533a58d7e2,7324,sense,Home,3,141.2,2025-01-02
a57ca300-48be-4a25-a300-6d0b2e86ee78,2946,old,Toys,1,141.13,2025-04-24
c61f2fa1-f266-4ba0-893b-8d03fefe5867,7505,stand,Fashion,4,420.41,2025-01-17
7b416bf8-00e8-404b-abb0-20492ab8223d,1178,likely,Electronics,10,124.47,2025-07-10
eee31158-349f-4ac1-b65e-4546de6a8f44,4717,get,Electronics,4,214.08,2025-09-28
a1127969-4cc0-46ff-83e3-e0ec992c920f,3407,anyone,Toys,2,414.56,2025-09-26
fb3a08f2-0170-42fe-bb04-d9708f684687,5057,will,Toys,5,148.27,2025-07-09
ccf79835-3924-4cf4-9b0d-1e9b7e12f9fd,5673,face,Toys,10,289.41,2025-03-29
271ad9b4-545b-4532-9b04-ebdc27e0d4c9,6349,meeting,Electronics,6,164.51,2024-10-14
7f48de0f-c165-4357-ad71-3279d3d114c0,7953,speak,Fashion,7,217.04,2024-12-18
b42deb0b-aff1-4ee2-a0ac-b2a7031f0e7e,8624,my,Toys,4,254.85,2025-08-19
fb421d6e-6533-4812-a28e-c43fbaac45d3,5821,page,Home,2,314.46,2025-03-07
05bf33f0-08bd-4516-9c13-d6ed9435fe1c,6339,want,Home,4,246.97,2025-01-25
17a33026-fb28-4b46-94ee-566df374659a,7562,them,Home,3,143.87,2025-01-15
3d95f3dd-263d-43a0-b46e-421cd52c1771,3349,visit,Electronics,5,466.74,2025-02-20
44a3cfe7-7062-4f82-bb4e-5b78a779beca,5573,couple,Fashion,1,471.04,2025-01-24
de531526-5479-4a65-9ecd-ee6d4a434b54,3196,anything,Toys,1,38.98,2024-10-19
6977bfef-0f0a-4b37-898c-68a8191b9012,2871,least,Fashion,2,396.93,2025-01-06
5f7fc86b-4030-44ec-a729-1509f9bcece2,8233,ago,Home,10,38.23,2025-03-04
baf2073e-1a21-4ca7-9906-141d0e6feddc,4187,hot,Toys,10,464.87,2025-04-06
9e34b471-302e-4519-9753-9a6c802141bb,4267,family,Toys,6,201.51,2025-04-30
07931485-98b8-4925-a4d5-29160e072b23,6611,movement,Home,2,371.52,2025-05-22
b7295bc8-1fa6-421a-b2b2-06e417807153,6085,stand,Toys,8,415.84,2025-03-30
21c16889-645b-42eb-a087-ea8ab465247f,5419,politics,Toys,3,181.57,2024-12-27
43aa4c58-c1ac-4c34-8f6f-c2a61aa4eac8,9393,international,Electronics,8,28.49,2024-11-01
ec9e5c5e-210b-44d8-add1-6fb74f15bad1,1066,sort,Home,8,15.62,2025-08-01
71d5d5b1-e67b-4b04-994c-8649cb642c48,2390,through,Fashion,7,193.83,2024-10-15
3a6f40a7-d993-4993-877d-251add76aea1,8193,again,Fashion,3,332.73,2025-03-01
ced54d69-8d66-46cf-b2ea-ed511d75febb,3672,go,Fashion,3,18.34,2025-05-02
1da8fff9-92fa-428b-9cd3-2d0da0012050,9520,somebody,Fashion,10,178.69,2025-07-06
6231c94b-b12b-414a-93ca-c2fcdddf67c0,7458,relationship,Toys,1,386.06,2025-03-01
bb849d21-96ed-424e-8960-1f846762bf94,1057,series,Home,6,46.5,2025-09-11
bb5fc1c4-210a-42fd-bcec-f9c4734c7654,6611,give,Toys,2,259.49,2025-05-17
38d3b310-17ea-49aa-b0a9-51680becfa87,7063,act,Toys,5,462.9,2025-10-05
02870070-c9b9-450d-b0fb-08c81b7fd3a1,8835,grow,Fashion,10,170.09,2025-05-25
603ab5a4-9e2c-4998-b5a0-79e8f831f340,1166,use,Home,5,411.19,2025-08-14
8cb10732-4bb7-4700-ad63-77181cda6e98,6487,collection,Electronics,2,305.44,2024-11-01
bb881b96-2419-4c3e-a8c1-4160241fa777,7593,sure,Electronics,2,172.3,2025-09-21
0b9bb2bc-77c3-4bec-8184-0679d14c7ec5,5204,improve,Electronics,3,173.49,2024-12-21
4bf7fb50-2558-49d8-9931-056b30b4256a,3695,interest,Toys,5,498.71,2025-06-05
9b0e92b8-b20a-4cf1-861d-9fa2d9484616,8236,air,Electronics,2,154.75,2025-05-20
53a37966-b8ce-4814-a07a-b2b3facb9f73,6599,series,Fashion,5,311.9,2025-07-13
258155fe-39ec-4def-8e29-66fac0b42951,9536,occur,Home,1,128.62,2025-01-14
773eafc1-2fd3-4856-91f9-968cda22b83c,9281,hear,Fashion,4,280.66,2025-07-28
b66a66b0-7860-49a2-bff6-c4c39e87f07c,3114,save,Toys,4,228.67,2025-02-14
bd5cda4a-c10a-4621-ab05-a42e5d801082,4540,describe,Home,6,146.51,2025-06-24
69659ea7-2cb1-4d47-b738-e11e43584a47,8792,those,Fashion,7,137.57,2025-06-18
7f54f4f4-b056-43a1-a1ed-312e3e543a2e,4616,much,Toys,6,475.55,2025-08-30
340a73ec-b027-4b80-ba76-99b45e6bb215,8157,car,Home,10,59.66,2024-12-16
a0464f64-245a-4424-b278-2cef594d408d,9522,piece,Fashion,10,293.96,2025-04-26
a81671a2-5ed6-43ed-84d8-6e97ff4737bc,9145,such,Toys,6,68.17,2025-06-05
b5e69710-6a43-45c1-acdc-c1df7c5db967,6405,maybe,Fashion,6,119.81,2025-05-01
75b4432f-3751-4f62-a897-532378720325,4588,so,Electronics,2,198.68,2025-01-03
9de05e88-13c3-4da4-a94f-958a29ff60d3,5462,across,Toys,9,77.66,2025-06-09
c1b55395-2283-4f5e-bce3-79f7f06bf899,5942,ready,Toys,1,461.57,2024-11-28
188e4497-92c1-4ae5-ad61-fc225ceed165,8835,very,Fashion,7,396.65,2025-03-01
53d81857-9156-406f-a9f9-60a048a6ddec,1023,prove,Electronics,3,172.63,2025-08-15
fa05f5fb-c43e-4e0b-858d-df0faea2572a,9067,work,Fashion,8,279.02,2024-12-17
c0bf7bdb-b99f-44aa-afdb-abb2ccdd6fe3,8993,kid,Toys,4,342.09,2025-01-08
c7571311-d333-4a98-9fee-7c620f12fb4e,9195,poor,Toys,7,332.88,2024-11-29
f4634835-a18d-441f-b5f2-04ba46e71b16,8109,movie,Toys,6,176.65,2025-10-08
89020666-bf3f-4d3a-897f-5b9af80ebc30,2914,machine,Home,1,103.15,2025-05-23
3e2b7b90-828f-4ea9-aec7-8a388a6f773e,7885,huge,Electronics,3,87.84,2025-09-16
8675a6be-7555-4faa-a957-6d6559462fb7,2438,company,Home,2,392.03,2024-12-03
2f95410d-6171-485c-9dcd-bc1b32afcdcf,7600,media,Toys,7,250.17,2025-06-06
172f6c5e-7938-434b-81cf-73b0b2aa14d4,7165,general,Fashion,5,406.43,2025-01-08
05e126b7-092e-456b-92c2-801ad1b09196,3107,student,Home,7,231.47,2025-09-22
f9e01a62-435f-408e-be21-47036f0d5f93,9028,quite,Home,7,378.67,2025-02-20
a8d163f9-6138-477b-ad1f-dda2e6174346,5338,local,Toys,9,277.68,2025-05-09
f5b70f67-1e40-471f-ac34-f0b8ec721cce,9201,provide,Fashion,4,9.8,2025-06-04
822fcc73-5bf1-4e7d-9c11-1807ea6b4050,8993,rise,Electronics,5,155.72,2024-10-18
7895fc6e-07e8-4f32-983f-a2bff5cc1872,3887,experience,Fashion,9,172.07,2025-03-28
c4397290-502c-419a-908d-ff06d7d5e902,3145,responsibility,Electronics,7,224.05,2025-10-10
09d4c5d7-1019-4399-8375-7b72f9b5507d,1292,budget,Toys,9,34.44,2025-02-21
c638d8a8-a40e-4c6e-9d04-6bad82f753d6,4293,open,Fashion,4,69.79,2025-10-04
9dfde991-610b-4627-a8b7-8630e4a36f0f,3091,on,Home,5,217.5,2025-03-25
e4266b4c-24eb-4cd1-84b3-899cf3cef494,5275,computer,Home,3,18.87,2025-08-22
ae4be3e7-5a0c-4a8d-a37c-326d05d0d11f,7257,thought,Home,6,262.66,2025-07-19
751a05be-8f5c-4a00-a5e0-2b4f02904e20,5928,drop,Electronics,8,334.24,2025-01-03
6f7e8d1f-b9b0-438b-93a1-7e38a7d323b8,3217,remain,Home,10,386.43,2025-03-01
4c941490-021f-439d-bdd5-3c27d20870ec,4906,win,Fashion,3,16.12,2025-06-27
d5938693-031e-459d-9f09-564e7dcfbba8,8401,give,Toys,8,56.79,2025-08-06
f2bf2259-af4a-486b-9e80-586f1149d999,9269,politics,Home,4,358.3,2025-02-05
5ed71ea1-213d-4e52-97f4-b4ef75858f4f,1853,sometimes,Toys,3,262.72,2025-08-29
6f3148c3-3638-45d3-b9d9-bb8f6d019666,7902,fight,Home,7,43.47,2025-03-29
fc294d6b-55b7-4134-b8b3-4990454050dd,8972,water,Toys,4,233.45,2025-09-26
1d7e84d5-0294-4be0-8f17-31943c4a4ea4,4939,office,Toys,4,288.71,2025-08-29
8ed258b6-c068-40c3-bd9e-3d46c78e6791,8902,weight,Toys,2,216.11,2025-09-02
9bd8b0fd-f094-43a3-9c06-12e1e7c70954,2593,doctor,Home,1,208.99,2024-12-13
a3d41f11-cb95-4dde-8831-8a5b72175fed,3778,western,Toys,6,252.38,2024-12-26
d252400b-0556-4068-b053-f079cbd66a27,7276,company,Electronics,2,254.16,2025-06-26
1b7a76f8-631d-4350-b7f4-b7a55da1bd10,1270,stay,Toys,3,406.26,2025-07-14
2a41ef53-c556-40d4-8e34-c0530f49b002,1107,doctor,Toys,3,445.97,2025-09-06
e954315f-8c12-4129-8888-df9df4bd7f73,7249,beautiful,Fashion,9,318.04,2025-08-15
78dda07e-6fe1-4fd2-afa7-aeabe76f8c49,5054,event,Fashion,3,160.19,2025-06-15
6b628d45-6f28-4b34-a5be-05b5c7a5bffd,6556,staff,Fashion,8,303.58,2025-05-10
76bf26eb-841d-4c91-a08a-65a29ed4790a,5182,small,Toys,1,446.82,2025-01-10
75e26c38-f633-41fa-bf70-fb4627939366,2796,they,Fashion,5,474.46,2024-12-18
720e4bd0-08ba-4342-92e6-2d9228a474a9,1875,each,Electronics,10,367.98,2025-05-03
e9ca5052-c795-4105-9414-3277aba64120,3328,different,Toys,1,108.21,2024-11-20
7a54da23-429e-4000-8187-605554835abd,9159,production,Fashion,10,431.03,2025-06-24
27cb8a40-07c4-4625-9c8c-111676c2f523,9530,likely,Fashion,6,144.19,2025-01-06
567b12f8-0529-41f3-bca4-a0c86b82e273,4829,entire,Electronics,7,71.83,2025-03-04
39bc0471-1281-460c-ac63-0e27e4eaa141,4974,than,Fashion,1,359.43,2025-01-11
872a5c02-0f0d-4362-9591-adcaa1603c49,3851,film,Home,3,265.81,2024-10-20
3ae73cbc-f9b5-4cc7-9ad7-5ded3aab6749,8767,network,Toys,4,122.32,2025-03-31
2e88e880-9c80-41df-b285-b5f3d7da34a0,3785,set,Toys,2,197.63,2025-05-17
20124e98-3bda-41bd-82fe-1e01981885d1,9050,individual,Fashion,10,62.33,2025-02-01
37c90b37-464a-4ebf-b9d1-9d97b1b013cc,2598,suddenly,Toys,9,233.69,2025-01-26
e4a1a57c-78a5-47a2-b743-c59fb0a0193b,2704,political,Home,4,69.23,2024-12-09
7126f084-f6a4-4208-a9a9-e84abffb8fac,2847,line,Fashion,7,261.98,2025-03-11
f714943c-9058-42b6-bd61-67ae13977a8a,3637,low,Home,5,429.54,2024-10-14
e002b37d-87ee-4ae5-bb1d-b041b946d264,5439,detail,Electronics,9,131.32,2025-03-17
72bafcf4-ffa9-49e6-952a-687dc6b86e08,8419,camera,Toys,8,281.97,2024-10-23
9630ad3c-745d-4c26-bb41-3f7877d896a6,6526,someone,Electronics,8,267.29,2024-12-01
f8eda756-f19d-42ef-a304-b62f7f3f25be,5095,meeting,Fashion,10,8.55,2024-10-18
2c4dada5-1614-44af-8007-238a4d79ce35,5532,knowledge,Electronics,9,76.15,2025-06-03
1bd4571a-2e06-493c-aa07-e3009a23796d,4906,subject,Toys,9,351.9,2025-03-02
535dac85-0e4b-42ee-ad0b-dbf8cb97b64c,4953,raise,Electronics,8,333.21,2025-09-14
576f8716-5374-498b-8bcf-5b3c03bbaec2,6736,step,Electronics,2,132.94,2025-06-01
748f9e2f-fa00-4b4f-8bed-d4e814bbcc06,6747,region,Fashion,8,331.59,2024-11-05
83274e6d-5aac-4447-9f83-66d48a9bc38c,2239,site,Home,3,358.05,2025-08-28
519fbe2b-d2d0-45bb-b7fd-d2d4a3292c33,8641,receive,Toys,5,93.96,2025-05-15
76c75ca8-b2cf-4a61-ad99-fa7291e5284c,7948,natural,Fashion,6,205.04,2025-03-23
841343b7-753c-492c-8507-2f87d9f841ea,4405,upon,Toys,3,11.08,2025-09-21
30dca564-4a25-43a5-b28f-883db12c4097,2940,resource,Toys,3,258.27,2025-01-09
68617322-7306-4051-bc90-3ad14f945606,5267,individual,Home,10,266.55,2025-05-30
a38b4c75-2316-4a9e-938d-4064b6d95a94,3285,situation,Electronics,6,231.6,2025-03-14
c7016e23-1d99-4f60-84ea-5f62f55e8358,4111,receive,Toys,10,216.17,2025-05-04
2a85328c-6636-4e11-8502-9a665831be94,1994,form,Toys,3,335.34,2025-10-09
21da239e-8d32-4ee6-9d24-8e727909c139,6102,stop,Home,1,77.84,2025-03-30
b680e82e-cbe4-41d5-b15e-7daa7cf29704,1162,show,Home,2,115.62,2025-03-17
e5c4fa7a-c9d9-4f97-8206-6b1bd23c8551,7538,international,Fashion,2,122.42,2024-12-21
1f9a7e85-f8fc-4b1d-97e4-a8470eaee2dc,9584,most,Home,8,33.64,2025-05-26
fec4be61-b15e-49a3-ba78-cd83170aedaa,6097,make,Home,1,479.33,2025-04-02
7284a225-aed7-4ea1-9b5c-fb4e116480ff,7094,per,Toys,2,85.86,2025-02-27
0f58b380-6037-4902-893e-3be33e539b43,4589,put,Home,10,389.67,2025-07-11
e06b0bd1-ce38-41bb-824b-e1e7e70a9bc9,2934,appear,Fashion,9,74.28,2025-04-30
f8005703-f151-471a-978c-2c9be71abc74,7849,likely,Toys,3,49.22,2024-10-23
506d1521-a123-47cb-bbff-649f3312c89b,1205,remain,Fashion,8,114.61,2025-02-06
947fa8d4-e301-4063-9974-6ef07203dd94,4090,and,Fashion,10,491.79,2025-10-08
b34e7cef-7eef-4864-b193-9a48e87cedb5,8873,report,Electronics,1,82.0,2024-11-30
cc4456ff-32fd-4024-88c1-322ac4a405de,2379,morning,Toys,2,261.61,2025-08-12
cc1ecb3d-6568-4f3c-92d0-42e4a9acf735,9376,week,Home,3,165.54,2025-01-22
0f98897d-fd25-4bae-a8bd-166a674e0532,1163,start,Electronics,8,434.27,2024-12-23
ca63edd8-f772-4373-ba1d-fc6744017b18,4556,game,Home,1,59.06,2025-07-03
7507a75f-ddb9-4a76-9d07-93d01c323e45,8200,process,Fashion,5,278.01,2025-04-27
ed938059-202a-41c7-b4d7-90b607fb828f,5230,expert,Toys,5,445.14,2025-01-05
e864e920-c2d1-47f3-9833-e6b635600b1c,8211,economic,Toys,9,304.17,2025-01-16
753b89f7-d5ba-4b22-bc38-5d8ae0879af4,7673,close,Home,8,443.68,2024-11-02
c2863143-74ef-498a-8698-6f2f1848674d,2281,avoid,Fashion,6,152.95,2025-08-21
2b34335a-e286-4814-8e61-da6e5abde2a9,1056,human,Fashion,7,371.34,2024-12-24
6365fa6d-2e03-4669-bd17-0287adb0f3f6,4191,series,Home,4,10.75,2025-03-30
a221adb8-9e37-4e40-adbe-69b51c521b21,7347,experience,Electronics,1,69.81,2025-02-03
a73063d1-562a-433c-b46f-12ea2b15b0f6,8592,author,Fashion,6,381.04,2025-09-23
275ff47a-0407-4c58-bb2f-06f8fac43de0,7887,while,Electronics,1,137.42,2025-08-02
64c5c1ed-176c-4a61-8fce-12864f6acfe1,6074,watch,Electronics,6,359.36,2024-12-12
28b70bbf-4d57-4013-8eb0-a1b5b8a131a9,1251,maybe,Home,7,38.66,2025-03-19
29e8949e-9a81-4342-8952-4cbd9c6bcd1f,3480,see,Fashion,3,488.65,2025-08-13
9cf0e4fc-b261-4df7-aca7-dbab731d5a0d,9009,billion,Toys,5,463.93,2025-06-23
ad0df4c8-0f17-436d-91f7-3b57ab18688c,3819,school,Home,5,412.09,2025-05-29
d121e9cd-71ee-4d90-997b-7ff29bdf546c,7288,just,Electronics,3,42.14,2025-04-23
e9a91295-0f87-473c-a5f7-d3ffd7eb5043,8324,especially,Electronics,9,494.45,2024-12-12
fe10e178-a04c-49b6-ac2c-fb306653cd8f,3387,strong,Fashion,6,257.62,2025-06-14
1568b46b-3a90-4281-8390-cb976b5c204f,7285,office,Home,7,209.63,2025-02-25
86510dec-b706-44cf-880c-008de7410f07,8007,build,Toys,2,153.94,2025-10-13
cb9056c6-a6c0-4d3a-94b3-312e28f6f816,8880,car,Toys,4,352.58,2025-03-06
0fc55aab-3d86-42b5-897d-8377b3b66301,5846,story,Fashion,4,52.37,2025-02-24
87661637-3615-40b1-ae88-5a011c4ccb88,7167,movie,Toys,5,384.87,2025-01-06
9105475b-9e74-432a-9510-985974dc80ab,1267,mind,Electronics,6,296.89,2025-05-01
be4bc917-25c0-4dcb-9b52-1a9f182d7f90,3923,expert,Home,6,176.49,2025-07-29
ccb943d5-8849-430d-ae13-a4ed590ef648,9513,here,Home,9,215.55,2024-11-07
bfe560b7-2a5a-4f84-8f71-632a0e78cc00,8268,suggest,Fashion,1,37.07,2025-03-25
d5aff3fe-4137-4ea7-a1bf-e6eb165040f5,8067,statement,Electronics,6,309.49,2024-12-16
63d81ecf-9e4b-44d6-ae3d-44d475767fac,4270,two,Toys,2,480.15,2024-11-06
0062366d-9267-4120-8cd8-81e0187bf498,4164,seat,Toys,9,185.94,2025-02-28
fbd7bece-5707-4e6e-9802-7a878e9a4d76,6664,instead,Home,4,93.82,2025-03-04
6ae632c4-272c-4b70-9411-facd12e7d1b6,9731,tree,Toys,9,445.25,2025-05-09
fd239ddc-0cc0-42a6-97c5-6f77e97056e6,8938,scientist,Electronics,5,329.82,2025-08-18
0d9d7eba-2125-40d1-8ec2-d4d2ac86da4a,5918,others,Toys,8,157.97,2025-02-15
264a984c-bebd-44c3-8564-08978d4f03ca,5934,young,Fashion,10,467.49,2025-02-16
480fec6c-d0e7-4048-b70b-eaa2ff2b6353,4445,help,Toys,2,245.32,2025-05-06
cab403f3-6756-479d-9a20-c1d25af93a29,5904,business,Fashion,1,154.23,2025-08-18
e1b57d82-ce2a-4a4f-9bda-e76938f43414,2202,between,Toys,2,466.3,2025-10-07
58c349fa-62d9-41ed-acba-c3aaecdff7d9,8793,time,Home,1,110.02,2025-05-22
027d1599-92a8-42ae-b116-8b28af1f9c0a,6424,trip,Home,7,5.18,2025-06-27
dbfa7ff4-c9d7-40e9-bb6b-6ce869fa571c,7656,stand,Toys,3,245.55,2025-05-16
65a18901-11a6-428a-9703-3696efb74e4c,4501,arrive,Toys,5,247.85,2025-06-09
60d9ceb0-5e8a-4965-aaca-1ab4db6482f3,1023,between,Toys,1,84.88,2025-07-07
92b64b47-8209-4bb0-bb9f-865b6e5178ef,8164,successful,Fashion,1,85.61,2025-01-28
15e4120e-5bd7-481c-a572-86763252e794,5267,control,Fashion,5,307.0,2024-12-22
23bb0028-b492-45e1-9663-b98ceef59524,7748,information,Fashion,4,104.15,2025-04-16
9682be22-35a8-454e-b55d-dfce1c74fa20,9007,especially,Home,4,235.71,2025-09-24
6e217123-ebfb-4d84-8829-2edb107a09f7,7418,popular,Home,5,95.31,2025-08-14
b3d52340-beca-4d6e-bf8b-632500cace78,2510,then,Home,5,369.46,2024-11-15
91c0cf66-9e0d-42c2-b892-35263c0538c1,3033,gas,Electronics,3,381.23,2025-09-01
d7de426c-7075-4ea1-a1da-fdcdc0becc06,7485,left,Fashion,7,161.54,2025-01-07
c335a60e-60c1-42ee-8190-98c77694e6a5,2516,none,Toys,8,186.88,2025-06-10
495a2124-9f22-425e-a90d-f4743f138fb9,4208,share,Fashion,1,415.28,2024-10-19
ee5a2607-c2da-496e-b9ca-386f94e640c6,7264,start,Toys,5,41.85,2025-02-06
7e9261db-1996-46fd-85ec-5deb8c96b044,9304,wait,Electronics,8,444.01,2025-06-22
0ac07e6e-381c-4cfb-895a-5c20e0691812,1243,nice,Fashion,3,489.1,2024-10-24
6635a5d7-a808-4945-9d03-1014a6e1092a,8939,wall,Fashion,1,315.99,2025-08-31
1289dc8f-7300-4287-8f3f-d194d7a28d23,5408,strategy,Electronics,10,468.89,2025-10-02
c6202569-218b-4ec6-b63d-1fbc14e61a44,7041,real,Toys,10,34.44,2025-08-21
92a668e3-9d4c-4404-bbe1-c62e08fb0859,8415,morning,Electronics,3,344.37,2024-11-20
3acd0cff-879b-4e70-9128-e31f50b511bc,9534,Mr,Electronics,1,381.18,2025-01-15
b0fda07a-62c5-4623-bd74-829323eb641f,6377,box,Home,3,343.21,2024-11-06
a8e6ac44-758a-49fc-a6f6-2eb32d714223,5331,beyond,Electronics,1,451.15,2025-05-27
fa661b03-3737-4341-8cac-7b6fb49f2647,9515,federal,Home,9,411.32,2025-03-21
bf309fac-e72f-4aab-a820-b470f72f710c,9279,employee,Fashion,3,261.63,2025-03-11
6b8a2a5a-91db-48f1-a0d3-ba7fb97a34f5,9725,history,Toys,9,424.62,2025-05-20
daa24ba1-7e61-444f-a751-ba83af00507f,7082,size,Fashion,6,45.61,2025-09-05
31cd599b-ae6e-45d3-94b5-66f9165ef859,1016,dark,Fashion,8,417.11,2024-12-29
64abcfb7-5cd5-4b85-8826-aa20bae66623,6130,event,Toys,3,140.5,2024-12-12
51b15bcc-d8f5-4082-97c5-853e76a0971a,9219,article,Home,9,341.15,2025-07-13
3b81a39e-0523-4702-930a-b1afce455a13,8060,future,Fashion,9,224.8,2025-06-15
b5d8631b-242c-4bf3-8873-86891ef54d5e,8932,push,Toys,8,404.93,2025-01-26
c932135a-c402-46d9-baa9-0f65510ecbc0,4612,sell,Electronics,9,73.39,2025-05-13
a8fd3e2b-a45a-4032-9c16-c35e1c072398,3360,impact,Fashion,10,118.13,2025-07-26
adeb64a8-1d1a-4faf-bdc2-785bd438a546,1600,happen,Electronics,4,395.42,2025-01-19
55009631-3a1a-4196-82e6-b3072ff2f49e,8838,amount,Fashion,2,130.33,2024-12-14
bbc5c41e-0731-4ad5-b441-306cd0e11e68,1675,watch,Toys,9,87.58,2025-01-11
a44d531e-f79e-435d-9f1d-9f7df1fe0679,5810,specific,Home,8,438.9,2025-09-24
2803c862-65eb-4c2e-9a17-5caded1aa3fa,8345,subject,Electronics,5,355.85,2025-02-12
b78a4cb9-df33-4208-9386-999efbb5178e,8197,movie,Home,10,329.27,2025-10-01
e64b124f-c938-431e-819e-a7e7b137de91,9560,large,Electronics,10,412.13,2024-11-28
36fd1fe4-c648-4746-87f0-c36713f718ad,7702,technology,Electronics,3,153.79,2025-02-12
73e66b1e-0625-4a85-bd99-f6617dea66e1,3817,suggest,Electronics,7,259.46,2025-08-15
c06a574b-beb8-4302-ae30-453f05f4c6f3,7280,two,Fashion,4,283.2,2024-11-19
7e2ac33f-c8a4-41ca-be22-eecfb7af4ad5,7556,show,Toys,1,64.81,2025-03-17
cd751aa9-4dd0-4271-a11a-43b09b99ee40,2705,accept,Home,5,175.01,2025-09-22
72c2a2cd-3443-4acb-9cd3-f7f5a673440f,4220,determine,Toys,4,483.99,2025-09-29
7ba5604d-0b08-4ff3-a673-18163f8920b2,5131,watch,Toys,6,410.39,2025-05-28
de28f1e9-db4b-42ee-978a-4822839bcbb8,7858,wait,Electronics,6,238.05,2024-11-11
5a1262d1-4193-497c-9d73-bd17d86a9ec3,7875,within,Toys,6,80.06,2025-02-14
7e5d0ff7-bd37-4454-8935-adfac510694f,7954,actually,Home,4,123.28,2024-11-14
f9e93467-d583-4a61-8913-c35ffd56fc77,6708,movement,Toys,6,10.65,2024-11-13
a1268692-0e18-4485-858e-cd353542d36b,9331,price,Home,10,231.0,2025-09-14
79fad166-43d6-4cbd-8b4e-e99a7db135c8,9072,part,Electronics,5,321.63,2025-09-04
409228a2-c88f-4f4c-841c-350177a671a7,6455,reason,Fashion,8,360.83,2025-02-15
6e33fdae-f4b8-4482-8683-975d6ad17b55,8428,wide,Electronics,1,412.79,2025-08-25
f140c828-92ef-4aed-b5c2-b49d590c967a,5405,author,Toys,1,179.63,2025-01-18
5ec19460-ff36-405e-82fc-b6c1be8280b8,1293,leg,Home,2,79.12,2025-09-24
e66c92fa-8d2a-4d3f-ba6a-fb9ca8a2866b,8253,itself,Fashion,8,116.51,2025-09-05
1828b7e7-d93e-4584-a271-e302e245b621,5950,sea,Fashion,9,407.59,2025-07-11
788c61b9-f51a-4803-bf30-4c592064fa17,6671,blood,Home,2,318.13,2025-09-04
d82c58ea-9f9c-47de-a6ee-c635ee7834a5,8094,daughter,Home,4,5.23,2025-07-04
15ca6b95-f2e7-49ea-9bdf-fcd07d0c4ca4,3293,explain,Toys,1,461.57,2025-09-16
49b36ee0-e37a-45a1-b362-fe584cc6dcbb,8444,some,Home,10,152.92,2025-03-12
ccd937fb-106e-4c2a-a1c7-0a9a8f026778,6584,hard,Electronics,8,213.74,2025-02-20
d667014b-e1ce-4aa9-96bc-48b5d56de800,6006,range,Toys,1,449.28,2025-02-25
aa3a8c07-311f-41d0-a4e9-6e736430a8c7,8828,citizen,Electronics,4,412.78,2025-10-08
e256a79b-5565-4b4e-9749-b062ca762ab5,3795,true,Fashion,8,30.33,2024-11-11
0f47320c-bf3e-4f59-b830-f9e64cca3fff,6045,according,Electronics,8,212.31,2025-03-25
34aa7d71-cd98-419d-a86e-09437445468e,3165,walk,Fashion,3,347.13,2024-10-31
8e4b7620-b643-4e13-8675-e7e6ec887222,6983,detail,Fashion,5,115.43,2025-04-19
15ae784c-5fad-4f09-b89a-44182a4a8fc1,7745,writer,Toys,7,374.88,2025-01-17
f1b841eb-1e88-4575-89ce-2831ff437a4b,4018,identify,Fashion,9,412.48,2025-08-10
238ca6ac-0ccf-4f19-831b-3c14a9f5d5f6,7307,such,Electronics,8,12.85,2025-08-01
cfbc8429-cd1a-4319-8689-54b5b28a455a,6529,to,Fashion,9,482.53,2024-12-15
fd77551b-1f36-4ddf-84de-d6b18a78db50,2932,if,Fashion,10,7.22,2025-07-24
19403bb5-7454-403d-ac5e-dc29a89a87ef,6470,mouth,Electronics,9,97.95,2025-04-21
0907d09a-5663-4520-8750-7099868b7c54,6604,child,Toys,3,186.93,2025-01-28
27ebe2ca-409c-415d-b240-c05b4e21735c,9986,benefit,Electronics,8,292.9,2025-05-19
fc7dcf8c-f7c2-4735-9d73-75c401c6a889,9987,occur,Toys,6,200.5,2025-06-04
4ffea21d-0000-4ab7-a20d-8a359616e01e,4328,here,Toys,4,426.26,2025-06-07
8352b53f-4876-4ac0-b74a-6e7477b095d6,4297,early,Electronics,6,138.33,2025-08-22
35e5a333-5e73-4c3c-8d61-f9c0b0c91b3c,8266,executive,Home,10,234.03,2025-04-26
b6730f38-f5c4-4f28-b8ee-e5b133ce20a5,3477,them,Home,2,443.35,2025-05-12
ac3daa88-f1b1-4cd9-b1f5-c8b07fea2053,1658,drive,Home,2,459.39,2025-03-12
4b24c53b-7ae8-4345-a04a-c8d61f40a590,3994,around,Fashion,3,16.98,2025-09-17
05cf15b1-0d4e-4c5e-9167-72803168f828,3481,market,Home,6,355.25,2025-04-17
b6e3c48c-c1ee-4bee-acdc-822eb022ae27,1048,respond,Electronics,1,359.26,2025-09-28
5927f182-ffc2-4eaa-8d94-e84f927a80bb,3043,bill,Home,3,187.76,2024-11-07
2c6eb933-4965-4cba-a904-0f48f557508e,1941,market,Electronics,6,37.95,2025-08-22
7f34e15a-670c-4692-bd36-2fb151a76fb9,9285,over,Fashion,4,113.42,2025-10-05
581e0122-a1b6-41a9-9aaf-4f1416237839,8676,somebody,Toys,4,312.9,2025-06-12
1a24915b-e29b-4dac-a13f-6ed9dfa080b9,1126,real,Fashion,1,76.2,2025-01-19
3af1b796-613b-4793-b039-ad197978ff15,3132,serious,Home,5,45.28,2025-01-09
05835225-bae2-4dab-a7b7-59f60f6b83c1,5795,sea,Fashion,3,457.51,2025-05-13
9ecbf89a-915d-435e-a1a8-af0fda6a03ea,5065,our,Toys,10,333.82,2025-02-03
80a35090-e655-4808-886f-a4a18999ab05,3922,company,Fashion,4,463.06,2025-04-10
5da74f06-661c-4490-8d93-d8cb18893f14,8385,middle,Toys,5,407.9,2024-11-21
54eab7f2-27f6-4ae4-ad58-8cb41797353d,7245,though,Toys,1,241.36,2024-11-14
d9a11c41-757a-4ace-a1bb-02393b7489f3,8756,election,Home,1,324.96,2025-09-25
6e2292ed-2157-47f8-b848-57f67f8cc0de,5232,time,Electronics,10,153.25,2025-09-23
c19422de-381e-4763-8f42-08f1873d5a03,6910,smile,Fashion,8,426.58,2025-05-01
c33c3e0f-6050-4801-a4de-553ac5bd2b48,3889,institution,Toys,3,372.21,2024-11-12
134d4119-7d6f-49f9-9df5-c11d0a021595,3441,off,Toys,3,142.82,2025-02-05
2b8363f4-e9b0-4676-a06c-2e77cdb1c169,4051,question,Electronics,5,428.36,2025-04-19
d501fae9-becc-4b5e-b575-efeef17fb21c,3321,everything,Electronics,9,10.6,2024-12-07
fbe9b020-56f2-42af-84ee-b82da7915861,8824,nation,Fashion,7,340.78,2025-04-21
ca3455a5-5ff5-4c27-aa6a-e80b626d0a49,3639,newspaper,Fashion,4,185.45,2025-09-16
93672ae7-4d79-43db-af2b-9c18db70f409,3127,push,Home,8,433.47,2025-09-16
cd0d434c-a00b-4945-8903-2730d327d021,3666,popular,Toys,9,461.2,2025-06-23
473dbe5c-bf74-477f-ac70-2ea48d76fb29,5963,blood,Toys,5,103.39,2024-12-08
c1028189-5c68-46de-8c6b-f801542a82d7,6258,finally,Fashion,4,305.52,2025-09-01
4edc942f-58de-41ba-aa22-c0936b0507f2,4692,thought,Electronics,4,255.47,2025-02-15
28c67951-483f-4be0-b6de-3e0b6970a255,9762,reason,Home,7,41.01,2025-07-31
6b5d7756-5517-40be-80b4-591553b68018,2619,send,Fashion,1,313.64,2024-10-26
905ba4ff-8254-44ac-9786-21f2bb1aa925,2670,apply,Toys,3,425.0,2025-05-09
d8333a9b-7bd2-4ea6-82f7-a5cee454bb8f,3276,technology,Home,4,176.2,2025-06-01
82f03fd0-f5b6-4ad1-84d1-76da8b4cdc75,5059,different,Home,2,387.4,2024-12-06
a6c7b68d-c505-4da0-b5d0-47c89bc18a73,3109,item,Electronics,7,454.1,2024-12-24
0a37b71d-b08e-43dc-bdae-7b3fb26fb9c2,1031,source,Electronics,9,185.47,2025-06-11
2c0a2583-1ec1-411f-9d3c-9d8748a7c587,9085,help,Home,9,448.94,2025-05-18
7e421742-d16d-408c-acb1-0b84622d0c4e,2787,any,Fashion,8,437.28,2025-03-03
ccd70030-95bf-490d-be40-f152b464e592,6904,just,Fashion,7,138.42,2025-02-25
7269b489-4d32-4a7d-8196-d573ffe07dda,3264,may,Toys,5,118.57,2025-10-14
03949e49-003a-4ee4-8c37-f47f2d2f61fd,4313,country,Electronics,9,389.48,2025-03-06
bce342a4-5de1-4da4-ae3b-ff7aa4a06d9b,5812,ball,Toys,7,247.63,2025-08-24
c697d207-a526-43db-a966-aa73e249e364,2595,successful,Home,9,207.68,2025-10-09
6e4c3742-f48d-490b-a853-ec6b9c83ed2c,1845,pretty,Fashion,5,252.41,2025-07-05
60e4dae5-f161-43b4-97ae-1ad789087839,9503,administration,Fashion,5,250.53,2025-08-16
26f10521-9eb1-495d-a2cf-0fecc5bbcbc5,4700,understand,Fashion,2,461.69,2025-10-09
d5493b99-f86a-4d36-b692-67f961e6de45,8131,energy,Electronics,10,418.88,2025-01-08
5c56f33a-a702-412c-9a37-851bd9ffb24e,6959,half,Home,8,473.96,2025-02-20
b8633729-c3c9-4d5d-8761-e83284eb7799,1365,official,Electronics,9,18.54,2025-04-21
a4f6c8bb-dff5-42e0-8c39-5b22efcc7138,8674,tend,Fashion,8,83.38,2025-09-14
d957357d-6225-47d0-b92a-4e21488904e7,5961,carry,Home,7,448.37,2024-11-20
2c65e64d-39ea-4e14-be32-e9190e03d245,6771,he,Fashion,2,46.05,2025-10-13
5d8ad6b4-bee0-49ed-8aeb-56b9dfe81e04,6478,environmental,Electronics,7,157.08,2025-06-12
baae533b-bbc9-4a82-9080-53fcda9c97fe,1077,be,Electronics,8,437.91,2025-07-14
86da8f22-f7f6-4f95-ae28-aa79a6081550,7433,yes,Home,4,256.57,2024-11-26
4354f2ad-5676-480a-a25c-95d612c342fc,9999,fall,Fashion,10,271.05,2024-11-06
9518264d-1f29-4fae-9e04-d35da011a38a,7897,mission,Toys,4,162.06,2025-02-11
53dc38ce-5736-4cf2-9143-1e47d4a3fb6f,2085,cultural,Electronics,8,296.41,2025-08-18
20ef9ab3-f8cd-44e1-b4f2-f4fe0fbce182,9640,campaign,Electronics,8,51.9,2025-10-10
d0301cb4-de63-46b4-9f1a-ae0b03169372,5064,gas,Electronics,5,446.15,2024-12-03
8daee35a-4ad6-47bf-b52b-652956f819a0,5544,certain,Home,6,422.06,2025-04-14
fa04b56c-a07d-475f-832e-7a47a999c291,7821,push,Home,10,53.33,2025-07-09
34ae3fc9-1d43-4a2e-8fea-4e01d2ee5c28,8615,relationship,Electronics,7,317.16,2025-06-14
990984c6-af0b-49dc-b334-7b6d0fd7d8da,8640,small,Electronics,5,238.56,2025-06-29
9960552a-c545-4bfe-91f6-1dcdce7fd9d4,8216,turn,Electronics,6,258.76,2025-09-18
87fa1e5f-9057-48a6-949f-2f1527bac7aa,7618,born,Fashion,3,62.29,2024-11-28
177094bd-ddfd-4a1a-9b00-176ac183a0af,5064,ago,Electronics,5,298.03,2024-12-02
2033c09f-a84d-4107-9dbd-f98d7aec0372,8984,within,Toys,2,220.92,2025-06-02
4803179a-7db3-47db-892a-532cc0aa00a0,7059,early,Electronics,9,108.41,2025-05-06
02a237ae-9521-4d03-8b87-029e564c7808,3964,score,Toys,4,420.98,2024-12-10
d395d6a4-35f1-488a-abec-1ea9a736677c,4367,marriage,Toys,6,433.81,2025-02-05
c147340b-ecc6-41a9-83e6-486c530e004a,2333,office,Toys,6,285.75,2024-11-21
69007d85-cb32-454e-844e-4b7101d8a1bb,3535,outside,Fashion,6,360.21,2025-05-18
36318698-c33c-4102-8e40-3ba5455fb681,6855,those,Home,6,84.03,2024-10-23
99fb3e70-72a7-43fa-97fc-a59ab5fe6fc1,7302,evening,Electronics,4,484.22,2025-01-12
fd483b93-014a-4cd5-be1b-c07a05e84796,3619,enough,Fashion,4,111.54,2025-08-31
1b2b9435-5f43-4cfb-b891-d0a4185a1b01,2473,his,Fashion,8,149.03,2025-07-29
92bef15b-a372-421c-835c-b43f6503287a,9843,in,Electronics,4,358.12,2025-06-16
ffba1adc-94a9-41bd-b74a-fa8260460930,8858,table,Electronics,7,173.08,2025-10-03
fedaf814-2c7a-4a30-ab80-5a08dd0999d5,5308,near,Fashion,2,435.03,2025-04-10
d54c4dcf-d506-4bf0-baa3-7824de2768ac,2526,art,Electronics,7,499.86,2025-06-05
9ef018ba-b34f-4938-86df-4062c3234f8f,6483,majority,Fashion,2,272.09,2025-04-19
daec1f8b-82c8-4cf8-8e29-fc39fb25a8d6,3962,decision,Fashion,7,400.62,2024-11-17
98824009-438c-4c9c-b0ef-7f895f154cd4,7401,kind,Home,7,65.37,2024-10-19
c4db847b-84dc-4601-976b-497fcc7b293a,6472,recent,Electronics,3,298.99,2025-02-22
237f0493-59c4-4da4-9230-cabaf51591c3,4077,must,Electronics,2,376.23,2024-12-04
9410649e-fd01-4a8c-9888-3e30925e4287,5281,around,Home,2,464.47,2025-07-07
a4df797e-d4e9-4100-95c4-ee1771f509b8,8383,close,Electronics,3,92.82,2024-11-24
e4a0d63a-54b2-4e20-978f-762b46f3c989,7043,daughter,Toys,3,27.32,2024-11-04
ebc44bee-41a6-47ed-b206-789d7ed8cce2,1823,world,Electronics,6,366.92,2025-09-16
6b4b95d7-c91f-4c40-af4e-fe8f0fd8950a,7464,enjoy,Toys,7,50.75,2025-06-21
18278fb0-b947-4744-98e7-7cf31d5e8db1,4586,executive,Home,5,132.7,2024-11-24
5da4c015-7ebd-4595-9513-417a838601ac,7719,agency,Fashion,8,50.59,2025-01-15
d9727eba-dfe9-48b2-99cd-849d9d05f984,2704,remember,Electronics,10,437.29,2024-12-28
1fb2975d-a929-4046-ada9-b9164a264e0e,6912,finally,Toys,6,212.9,2025-01-11
4a4b4433-b0f4-4526-b25d-cc5b3b930f94,2207,company,Toys,9,35.54,2025-06-08
c117f355-cfe4-48a6-9f38-ea95cca794a5,8305,mind,Home,8,95.64,2024-12-18
4511a0d9-600e-4810-be0b-3d9db341bfd3,6061,conference,Home,5,50.2,2025-05-22
81f437c1-9f2a-4f6c-b098-00f848086dbd,4082,nothing,Toys,7,26.96,2025-03-15
9071d17c-5af1-4911-af35-f7d9941ceb96,6642,operation,Home,5,300.01,2025-01-25
7cf352ea-a43f-400d-8120-dec8ede7b59b,6844,similar,Electronics,10,395.46,2025-10-07
132fc0d5-405b-40c4-bcb6-f516700d1d54,7400,seem,Fashion,6,496.2,2024-11-16
7c5f67b0-2225-4b12-81d4-5a3adb2c4b6e,6299,live,Toys,6,260.4,2025-10-06
ed787a2a-ed45-4ef7-a401-4aafd04b58e6,9761,exist,Fashion,10,7.85,2024-11-19
5266dc77-f6c9-4c4b-92b0-60fc1d3249b4,9990,soldier,Toys,4,279.79,2025-04-03
ea9a9725-50c4-43bf-8b3d-f32558685ca4,6043,free,Fashion,10,266.98,2025-05-10
6d4ae20e-7d9e-45ce-91d4-338a5d27223c,2940,true,Electronics,4,294.05,2024-11-30
24bbaf90-06d5-4a1e-80d8-af9f5096dbc2,9813,beautiful,Electronics,2,380.03,2025-09-17
3d704306-b693-4bc5-9c29-de7ba4d5b267,9772,early,Electronics,9,282.49,2025-09-11
c1c5eaa4-ea7a-4b0b-9806-fc37f093f14c,1124,find,Home,2,322.75,2025-09-27
4f8746d4-de62-4dd0-91e8-0a8807f53206,8263,life,Electronics,6,253.3,2025-07-16
491c6ec3-956c-4cdd-b710-ce12c70cc5c3,3656,one,Toys,6,33.7,2025-10-12
36cf7788-5570-47d2-8bda-359afc4030da,8904,player,Home,5,241.76,2025-01-19
ab1e82d2-656d-43a6-8510-e68dbb0bacc4,4857,back,Fashion,5,297.46,2025-06-16
52bae8f3-5479-428c-ad70-29cfc48e4577,2222,his,Home,9,312.0,2024-11-12
e14927bd-918b-4d4e-94d1-e833c504fb90,1112,medical,Fashion,2,84.07,2024-12-26
37432011-4e6d-452f-80f6-3613991f88ab,9902,sea,Electronics,6,168.52,2025-06-12
c46e5e63-ba0d-4cee-b6e1-179aded230e3,7323,yard,Home,10,318.85,2025-09-16
90267cfa-73cc-4103-a345-cec07bb0c606,9473,music,Home,4,134.38,2025-03-20
2007e00d-5939-4df9-8ece-50b26915087a,7200,free,Home,9,77.51,2025-09-14
719eb6e2-4018-4ed9-b070-fe4b4ce7791d,9172,remember,Electronics,9,113.4,2025-07-28
2996a526-4c20-4637-a0b9-35f1bc9e8e9d,7895,official,Toys,1,202.73,2024-11-26
76fdcaa2-b414-4b08-91aa-0bbe05e7833c,5603,water,Toys,3,298.87,2025-08-05
cbc969eb-8f2c-4c77-bf6a-56f7c6bc01ea,8039,perform,Toys,1,105.36,2025-05-20
d66f2223-6de8-48ab-885b-5d3ad5473b47,9011,whatever,Toys,2,256.85,2025-03-19
fdca2848-40a9-422e-8861-b930c6802892,6308,approach,Fashion,4,95.64,2025-04-09
8a6f4cce-7456-44e8-937e-1c6978e27580,6116,form,Home,3,211.71,2025-04-03
67c5a6bd-1ecd-4209-9c7a-29c288a92bfe,9724,office,Toys,5,372.86,2025-10-04
56f7b27c-3fe8-4c8b-a5b2-28c448511ca9,4083,occur,Fashion,4,46.66,2024-12-07
4034a11f-3e0d-4606-8583-20e663bde540,7523,particularly,Fashion,8,284.21,2024-12-13
7cafaa64-ae9a-4465-a218-49aa2ea5f422,3583,race,Home,9,144.44,2025-05-07
cccf31b8-9c02-41e6-ac21-a1b3dbaef3a7,6641,girl,Home,4,325.82,2025-05-16
7a548c80-eb29-44c5-ac71-9f22cdcf4dc6,9715,attack,Home,2,39.95,2025-09-27
a5ef5b50-5303-48bf-b0e1-ca94fe0474f7,2070,bad,Fashion,7,257.11,2025-10-06
5614f782-c109-41ec-9153-752c247d39ce,7730,another,Fashion,4,166.75,2025-05-03
10f5ced1-8c32-4609-a586-36709ab7818f,5274,term,Home,5,227.72,2025-05-30
fe0a0ba3-74c7-453f-8b86-c84ebae812c5,3320,discussion,Toys,6,237.38,2025-06-30
2cb27f6b-0936-430f-b2e6-de203a0736c2,3565,trip,Home,1,280.74,2025-09-14
60743c31-5daa-4da5-a082-b27f24728724,7248,offer,Electronics,1,85.18,2025-10-09
ec932090-3d09-46e6-b3d5-640a6bd09859,5080,consider,Toys,9,453.25,2024-12-16
8f964e6a-894c-4b50-8153-4cfbd9d64c38,3236,knowledge,Home,2,340.54,2024-12-17
3252c960-0665-491e-adc5-c2f7c643c1e5,8304,thing,Fashion,8,437.46,2024-12-05
fc07f081-667e-454c-b3bd-03ef5fc35139,3102,move,Electronics,4,132.33,2025-06-15
6b4f209e-49c4-40a7-8ada-6c6843b8e4ea,7460,leave,Fashion,5,484.61,2025-10-01
716ca404-c578-4d60-85d7-d69f0e25aeca,5032,listen,Home,9,428.26,2025-06-05
632c768e-1941-4a77-8fdd-793aa430c39a,2066,million,Toys,7,30.86,2025-05-12
6ce7c85d-f7e7-42c4-b68d-5d6489a9cdfd,9958,four,Electronics,9,205.11,2025-06-05
66fc309d-c977-4d73-8746-146f8cde6109,9016,Mr,Electronics,7,434.17,2024-11-03
de72f7a4-ee71-45dc-aae5-5251c1b0172e,9106,enjoy,Home,4,299.59,2025-10-03
e6ead0b7-937a-466e-a153-4babd8b5fc8d,6888,majority,Toys,7,185.88,2025-02-26
a55d1c06-7274-4d9f-8027-edb275647eff,5128,manager,Fashion,4,448.75,2025-01-19
276b39fc-d113-479d-8590-c4b648586a70,1607,game,Home,8,116.29,2025-08-04
5632f3d4-3087-4374-b0d4-f61836e65ca4,1767,lose,Toys,4,67.76,2025-02-19
8a14b60e-7f0f-45fb-b8da-48b34ae08a1f,9692,matter,Electronics,4,363.0,2025-08-08
4dcd6e8c-f8fe-4136-b7db-38a21344040c,4644,a,Toys,9,300.21,2025-01-29
bf21ae37-3531-4080-b890-a13568685e60,5848,few,Home,10,292.51,2025-02-15
8b963e78-ea70-48c9-865f-73e25261ed2d,6416,guess,Home,7,487.0,2025-06-07
e96bdad5-828f-4abf-a0a1-9b64d96d770d,4559,partner,Fashion,10,297.91,2025-02-03
ffb49e7f-7b91-4fa4-bdff-c3dae457e879,4191,court,Toys,5,71.01,2025-05-29
dfd93f87-4ef7-48c8-853b-844467db3526,2257,policy,Fashion,4,239.22,2025-07-26
3ff6e7f1-a76e-4f28-a55b-f6a569e2743d,7257,fill,Home,10,487.03,2025-06-09
6c4653f4-532b-445d-a662-d139aec4b0b5,5996,wish,Toys,1,329.85,2025-09-04
d9aa52ba-b8cf-4f0d-9271-2daa1645124c,2739,build,Home,9,8.73,2025-08-08
b525d56e-fc9d-4476-b7b0-dcdf6564f241,8121,bring,Fashion,9,475.45,2025-01-05
e104b469-f5aa-4c89-a93a-6d35897e4eb5,5526,lawyer,Fashion,1,389.79,2025-01-04
64094063-e94e-47fa-b7a4-136f31c49407,2189,significant,Fashion,2,352.13,2025-01-08
a4d46704-4470-4495-b6fa-fc910f0bdb25,9270,play,Electronics,5,451.46,2024-12-31
6a6a2972-0087-4614-ba64-a87fc4354d83,4225,thing,Electronics,7,59.22,2025-04-01
4fde6b35-a002-452f-ae1a-5da572e2a657,9698,Congress,Fashion,9,489.84,2025-06-16
31488932-480c-49c6-9d34-8f30b46299d1,6133,remember,Fashion,7,396.0,2025-02-18
0f0bf1b3-8ce9-4b98-b08f-d933daf749e5,5983,not,Home,6,219.16,2024-12-14
740f5477-b0e3-4a14-b4ee-011261ce1e60,2363,analysis,Toys,10,30.47,2025-02-14
178ef354-11a5-439b-a32c-ef6b1c964b10,9847,difference,Home,2,381.0,2025-06-04
fc7b1169-2021-4ad5-970f-e71036ff8ee0,2894,sort,Electronics,2,154.01,2024-11-19
6bd80e29-a781-4f38-998b-b72fa497f7a7,1759,arrive,Fashion,10,309.53,2025-01-19
1dc7b7c9-1469-4a4f-9373-6570faceb60f,4231,commercial,Home,4,346.81,2025-10-08
b990328f-5565-4421-894b-b3ef190e2d0c,1767,expect,Home,4,215.06,2025-10-04
e09d7957-df8e-423a-a52e-afd2d3164d7d,6357,perhaps,Fashion,4,210.05,2025-01-10
59ef237f-56fe-4330-8972-3cef7ace7fce,1039,agreement,Toys,8,45.51,2025-05-21
c026b911-0056-466a-ae8f-8ddfd3c0c880,6733,best,Toys,6,38.93,2025-10-08
c803c05e-fbb7-46b9-a9f8-24f84d1ee834,6842,toward,Electronics,8,19.91,2025-01-09
30c566ee-edf4-4f1a-a3df-dbb3529e23e5,9314,eye,Fashion,3,57.61,2025-03-10
ad29d48d-64eb-4708-be8c-a65f90e793f7,8347,clear,Toys,5,249.6,2024-11-25
de7b9203-0ad5-4cb7-a486-ab275ac64ec5,8619,wind,Fashion,1,474.32,2024-12-09
7a0ab5dd-719e-46e2-965f-d17b010aa0bd,3348,south,Fashion,8,422.74,2025-05-23
f4b955fc-7497-4c4f-9330-b53378559928,8207,member,Toys,10,10.89,2025-07-03
7add6178-8ee8-4489-9c4f-3b6aa594fe1e,4417,health,Fashion,1,215.32,2025-03-31
de117e5c-2055-4b26-94e9-a912fbcb57cc,5549,western,Electronics,6,142.3,2025-03-13
61591aed-1dae-40b2-9cdd-81b11c2b5c31,5742,mission,Electronics,10,487.31,2025-02-20
427eebf8-d963-4079-841d-9890ad6829e4,7003,various,Electronics,1,175.1,2025-06-11
be5a2bd6-9307-4911-9c19-1a7065d77c9b,9096,yard,Fashion,10,480.43,2025-01-20
cea62264-26e5-4a5f-beec-f77f31942c21,7046,standard,Electronics,4,185.96,2025-05-08
dcef2bc4-6d9c-4fab-a8e6-b24261ad2270,9244,budget,Toys,5,90.49,2025-08-12
80a02130-ce58-491b-a372-b8ee0d35a767,8083,should,Fashion,2,281.79,2025-06-25
bc850512-7ace-41e5-b7bf-a899ee386702,7995,speak,Toys,10,342.77,2025-09-03
1253504b-1edf-4f26-b443-86c332d72244,7452,identify,Toys,6,412.11,2024-10-23
43d7a04f-6238-4d8e-8126-adc09be4e520,7175,garden,Fashion,7,455.26,2025-05-04
a9282f63-ed21-4164-a68d-c8f0d260b74b,7368,race,Electronics,1,321.75,2025-05-10
5a493f24-9953-4246-b5fa-5122ae1383b6,9244,identify,Fashion,10,487.12,2025-08-14
5d1fddcd-08d1-40ee-aa52-04ef0624ff9a,3301,score,Electronics,5,167.9,2025-03-01
81651bc7-aba1-4ca6-8363-d1dcf88c42f1,4329,team,Home,7,16.1,2025-06-21
0f37a15f-2084-469d-ba27-60a1897d1986,9422,degree,Fashion,8,28.95,2024-12-28
d7bcc309-3295-485f-bf26-9a89041fadfb,6202,operation,Toys,5,319.48,2025-08-01
08670fa8-5d10-4c9f-8cfa-21c4bc420caa,4555,prevent,Home,2,254.96,2024-10-26
7914690c-a629-45e6-aa9e-7bb8527847d7,9436,answer,Toys,5,260.68,2025-02-23
fc19ad92-693e-4d3a-97d7-e2ebc10c99d8,7249,live,Fashion,3,463.26,2025-05-15
6410f88c-f40e-4830-8aa2-253ccf7ca2f9,7101,character,Electronics,4,443.22,2025-08-10
536d8486-b064-4fbb-9ab6-d6d413e56f20,3509,total,Toys,3,249.87,2025-01-06
b2c37153-3f84-4013-ad27-8e14e6f1a4b2,8981,quite,Electronics,4,163.1,2025-08-21
20f509f1-f5bd-46ca-a3e3-2e35a5d0014b,4779,onto,Fashion,4,146.69,2025-01-24
0918f8e4-7f90-4718-ae26-e455241f139e,6223,especially,Toys,4,89.77,2025-07-06
bdcfa951-988b-49f3-a1d5-ff494e57a217,6147,summer,Electronics,1,334.6,2024-10-29
a8821849-080f-46d1-8515-e0710a2f6509,5951,some,Fashion,3,218.42,2025-05-26
843ee003-032b-4716-b35f-3d82b7da8dda,8911,it,Toys,3,94.85,2025-03-17
f986e87b-b56a-4179-adca-787178236f3d,8053,court,Fashion,9,292.1,2025-05-02
7560aa0c-b47b-42b0-81cc-97e786616831,1352,in,Electronics,1,195.37,2025-07-19
ed27a4ad-163a-4b7e-8bc0-e6e7177bc773,9140,black,Fashion,10,356.23,2025-01-05
0e94d2b3-f22c-407b-8894-7d2ba8c491cb,2289,perhaps,Fashion,2,248.12,2025-01-04
57409d25-75e9-489e-bfc6-17570af0960e,6600,civil,Toys,7,187.86,2025-09-21
99348702-11af-4666-b952-487d9cfe0b61,4967,popular,Fashion,1,487.45,2025-03-17
d255f6c9-2f03-41fb-8644-4441820b80a5,4568,subject,Electronics,10,353.83,2025-09-17
ab39444e-4644-4b6e-9883-bc4de93016a0,8048,table,Fashion,1,217.89,2025-05-07
8e2970cd-c075-4c93-8c9d-5b10d52742c8,2868,specific,Home,8,7.77,2025-05-01
56939a52-033c-437d-8f2f-888117deb846,8431,quickly,Home,6,237.3,2025-01-17
b364ec5e-5483-4e98-9f0c-911823c5e9c9,4663,hear,Fashion,2,103.14,2024-12-21
261c50bf-7851-422f-87d3-a7f82c4d7116,3617,black,Electronics,1,296.06,2025-07-07
39275321-2a63-4c0e-8194-9d4ab1623325,7036,happy,Toys,7,12.42,2025-08-06
3e5e0592-1fc0-4872-9799-0aeb2c7c385c,4771,prevent,Fashion,6,67.63,2025-04-04
e6d9065a-9659-4c0c-8ccb-496b7cb5364a,8139,bag,Home,1,437.74,2024-10-19
d2e1943e-4bda-464a-a21e-5b8734ae1fc1,8387,off,Toys,9,131.23,2025-06-14
3163c7fa-ef19-4923-ad7d-e102e767394a,5604,evening,Toys,10,459.09,2025-01-22
f5e2cfe5-5a33-4524-9176-d608f990f600,3309,reality,Toys,3,229.8,2024-11-18
15bf9dc0-1957-49f1-af69-813174432f3f,1762,wear,Electronics,4,493.59,2025-01-26
235a428e-c7cd-48c1-b0f2-df4829ae3f8a,3080,small,Toys,9,499.71,2025-09-04
25f5e880-62cd-4260-9e05-1601f3cbf052,4589,example,Electronics,7,75.07,2024-10-29
95014a0f-5461-4245-a494-a4eb5370c971,5289,through,Toys,1,449.1,2024-12-20
af4c7a58-07dd-40c8-b1be-fb897340c403,8314,maintain,Electronics,7,429.83,2025-04-22
d127d35e-b041-4e25-907f-84496b18c821,1382,city,Fashion,10,410.24,2025-08-21
f467e867-5b08-46d8-b582-b230cbe4fcc6,1548,sign,Toys,2,117.45,2025-02-23
7bb362a1-5fc3-41c8-86b7-480915efafa5,5894,quality,Electronics,8,413.41,2025-03-08
dece8808-13f2-46cd-9f18-6da55beb63d9,6623,generation,Home,1,427.78,2025-05-03
0562c0ec-16cf-426e-869a-1d2e387e158d,8881,I,Electronics,2,195.15,2025-09-07
751cf72f-f7d0-4b4a-9b1c-3e75d45f876f,5938,take,Electronics,4,327.23,2024-12-20
8b67bf80-c8e6-4313-a31c-d427acbae226,9749,set,Toys,5,21.05,2025-07-26
fcf5756d-0b20-4677-94c2-1dc59315c3f5,7670,new,Electronics,5,147.63,2025-03-29
fb0635c7-4253-475c-b614-91f28987c2a8,5839,boy,Home,2,431.48,2024-11-23
d6cf8f3a-3d6b-44ca-b171-33ad1cf06506,1614,include,Toys,10,295.88,2025-02-10
55d15f97-6a84-45c4-a603-f9773bace4e4,1502,girl,Home,8,156.56,2025-05-29
684aa80e-4f25-4d84-9153-68300f9154eb,1654,leader,Toys,1,17.93,2024-10-15
0222b74f-ed25-4be7-8f0e-50b73601af74,7476,despite,Home,2,444.58,2025-05-16
23ff301e-e844-40fc-ad66-d35a32774556,3557,general,Electronics,6,7.65,2025-09-30
6cc4fdd2-45d4-4bf2-b400-a88a5f9f82f0,8102,building,Toys,3,399.8,2025-02-13
7f0d55dd-daa7-4046-ac91-846d2f7c0a8e,5279,idea,Toys,5,210.93,2025-01-09
679c7b5e-ccc5-4282-b6e8-73714d482e0d,8101,sound,Electronics,1,322.92,2024-12-09
c814d2b5-c82e-4b29-ba48-40e43b0a0376,9698,show,Fashion,7,303.79,2025-01-11
f6f7ac93-b22d-42ea-a50c-7f58ac5372fe,2237,under,Fashion,2,235.17,2025-01-15
9baf729c-4a9e-4e85-8150-f9985a24e06c,1865,who,Electronics,7,343.69,2025-05-01
813d23bc-8089-42a7-83e3-e54107d64e88,8615,leave,Fashion,7,198.55,2025-03-14
1032433f-0ad9-4293-ba7e-4592d2aa7dbc,1023,when,Toys,2,463.99,2025-06-10
add43377-ef4e-4457-936b-3c18e2dd697b,3671,across,Electronics,9,72.67,2025-01-19
604bdcd5-174e-4dff-af6b-b67408f25543,1964,fall,Home,10,96.49,2024-12-03
b05c3999-83c4-46ae-bf1c-40af5ca08b50,1400,wish,Fashion,4,199.94,2025-05-02
e25eca71-68d8-4e89-bfdc-4d89e218ade4,7065,difficult,Home,5,184.27,2025-03-13
f6ad6251-468b-460f-bd2a-62aae6c51a0a,8102,parent,Fashion,9,89.44,2025-05-16
98e04c87-c71e-4f00-bb1f-9f4e9942649d,9700,Republican,Fashion,3,107.62,2025-08-12
51ad4b72-791e-44a6-ae04-dc7b662729ad,8700,could,Fashion,4,183.61,2025-04-28
624b39b2-8183-4c60-a73a-a3b35cd9df4f,9808,baby,Fashion,2,108.55,2025-07-02
c21f60cd-86bd-437c-9cde-434edf367aae,9873,direction,Fashion,2,53.55,2025-07-03
ea10409e-46db-4af7-be79-af484dd2079d,9843,oil,Toys,3,224.68,2024-10-26
d52a5ad1-27d5-4b9c-bd12-aa0135f00a61,5434,course,Fashion,9,338.59,2025-10-06
d6f78705-2ade-43d5-98a5-7ec4aedf6463,2426,generation,Toys,8,142.09,2025-10-11
96d453a4-502b-47ac-9d19-a0ccfd6d84d3,9891,time,Fashion,1,37.51,2025-04-12
0b25b315-4ad8-4ebe-8b7d-98c47ca86423,5402,ground,Home,5,247.65,2025-07-15
614b3275-7cba-4e42-943f-1d43a862fd05,1342,miss,Toys,8,38.44,2025-09-22
c49c1f06-93f2-411f-b8b0-92ece4e604b6,7537,whole,Fashion,2,412.28,2025-01-29
cd157488-801d-4841-92b5-ed5417ebd85d,4111,begin,Electronics,8,108.03,2025-09-07
af98fb98-ee0a-4b1e-97e8-632df895ee96,1939,prove,Toys,2,96.58,2024-11-17
02f91fe8-20c6-4ad2-b258-247db90c4d02,6890,different,Home,6,340.18,2025-08-01
59086195-95d1-4a36-9122-1b8e615b97a4,6292,performance,Electronics,6,473.3,2025-03-13
24b5e54c-2b70-4b2b-8974-64678fb6db6e,8283,evening,Toys,10,398.53,2025-01-27
7e32401a-d500-4a9d-b1fc-e49202e28070,5222,against,Fashion,10,154.48,2025-07-09
b76daf89-aa89-4fd0-b4b7-b03f346c86f1,9961,action,Electronics,6,403.93,2024-11-19
36d04294-02f8-4dda-a1f4-58b8b6621497,1189,research,Fashion,1,440.26,2025-08-27
86d81407-30fd-4743-be17-908d57c10606,9352,blood,Toys,2,94.38,2025-09-10
3db8fb62-b8ee-44f0-8e80-159035077860,1134,face,Home,6,7.57,2024-10-22
bec224af-8b13-4c32-9635-3e201360507b,9189,win,Fashion,1,231.0,2025-06-29
416f3d81-46d1-4006-b5b7-b89a4e5d31f8,7687,how,Home,4,273.23,2025-05-31
9832c7b2-ef38-4ffb-b437-a3337e16cc67,2504,two,Fashion,10,63.64,2024-11-10
dcb603e7-2b04-41b7-bcd2-825949b0510a,9044,view,Electronics,10,267.09,2025-10-10
9f793b4c-c486-4b83-92f4-87be9e75dff1,1818,artist,Electronics,2,43.42,2024-10-17
ce0b8c92-5bbd-4682-b991-e0658549302c,5160,person,Electronics,10,135.52,2024-12-22
9d35ed8b-7791-4439-955a-64c940196aba,3992,course,Fashion,10,228.2,2024-11-15
fe88289c-189f-4d40-afec-89ca7ca45db5,3464,measure,Home,3,45.75,2025-09-13
6c40b549-fb8e-41e4-aff1-19b8f1b01ccf,3874,those,Home,3,99.04,2025-04-30
e3e7806a-0574-4e73-8850-d10e52bf79c0,7852,we,Fashion,10,449.75,2024-12-30
bff44607-5373-4784-a205-c7cf2a9164ed,3058,like,Electronics,3,264.44,2025-07-16
a0b0215c-9870-4f3d-bd51-abb7dc1a1cbc,8578,defense,Toys,8,272.35,2025-06-16
de1c3401-be99-4440-8cf1-64291df25769,1484,character,Home,9,450.4,2025-08-31
2b182b68-714d-4ff2-a249-6b93520a350c,8565,girl,Fashion,10,410.4,2025-04-11
b1ae325d-33b3-4db8-96ba-5f3cf05ca1d9,5622,interview,Electronics,7,18.82,2025-05-29
b3238a17-0684-47e1-90ee-1a9297ffa86e,8094,if,Home,7,399.13,2025-07-02
a1eef47f-e256-4f42-9ae3-ce1ef82bf2d1,7479,hotel,Fashion,8,38.67,2024-12-26
52929de1-7e4f-4a5b-8540-91e006112694,8519,teach,Electronics,6,309.72,2025-01-23
310486ff-0b6c-4aa9-9233-b0420ea438a0,2039,prevent,Fashion,7,105.22,2025-03-24
630beb8c-cb29-444f-b8e3-46544adaadee,2644,job,Electronics,7,352.84,2024-11-06
d2dbe8a9-038c-44ba-8e2f-a1c1dec91b6a,8145,market,Electronics,5,226.16,2025-03-15
827f7e2a-495c-496b-9d78-616be3fd32e0,4340,remain,Fashion,2,286.62,2025-04-16
7082b826-3261-4745-812d-06bf9d84685b,1369,quality,Electronics,2,202.71,2025-05-02
7f572f2f-4ea8-4964-8cef-6c80273084da,7404,case,Toys,10,130.29,2025-10-13
6d0838d3-e40d-4f9e-a81a-bb8e7ac65185,9040,ground,Fashion,8,478.99,2024-12-17
7684315a-1699-4a5f-b336-0ecb28659ef9,6183,movie,Fashion,7,417.52,2025-08-27
f23e6890-d44b-42b7-a576-c9e5344751aa,5882,upon,Fashion,3,37.14,2025-02-10
d0473b77-9f75-48dd-839b-f1eb9c4d62cf,6538,crime,Home,4,471.37,2024-10-21
361d872f-1294-4d55-9929-fbccfb7f42ee,4733,nothing,Toys,6,36.83,2025-01-08
11649326-d6ef-4ac5-b8e9-7da7cb217d56,4454,soldier,Fashion,1,188.71,2024-11-01
a2f3381f-699b-49e8-8c81-9549d1169054,7359,behind,Home,2,51.37,2025-06-04
dca7cbe3-a422-4feb-aaf5-eedcc5125e5a,2102,garden,Fashion,5,457.81,2025-01-28
718522ec-f480-4f32-b70f-98512d654087,4391,popular,Fashion,6,170.05,2024-10-28
6062bc28-481d-4fa8-99d6-5ce6a1591820,1701,run,Toys,10,267.82,2025-08-26
6c2e58ba-db7e-400f-8337-b126ef4288d9,8961,industry,Toys,1,221.82,2025-07-10
38b85cc7-18e3-4e30-99af-2344f08cf2ca,4050,however,Home,7,149.26,2025-04-01
8d92d93f-b875-4a29-abc8-fb9cbcd78a3e,8092,certain,Fashion,4,294.09,2024-12-30
4ebdc72a-5b79-4a8b-b3b9-f73a38e3f316,8492,think,Home,7,414.41,2025-01-28
66204357-45f7-4694-82ed-f47917eb3584,7532,official,Toys,3,81.69,2025-01-21
b6ee149e-3f9c-49ac-ab7b-d82abe6f2120,1543,floor,Home,9,426.12,2024-11-01
9329e388-fb19-4bf2-884c-3e170137cedd,9822,partner,Fashion,3,217.48,2024-12-10
02c8edd5-9138-4af2-9e20-f90f4c3e4b23,6080,check,Home,4,463.31,2025-06-13
216a58eb-b218-4dd6-87e5-0ca10fdf34ea,8205,sign,Electronics,3,366.03,2025-07-10
3e5e1af6-11d1-4604-b7ff-1f60fd392b57,9788,vote,Electronics,4,208.02,2025-06-18
895b5924-6b77-4882-b101-7fb9ccc3e983,6586,doctor,Toys,9,195.31,2025-10-03
86e31b2e-2802-422e-9716-80272fd644bb,3530,without,Home,1,473.9,2025-07-05
229906dc-f3bd-405a-be02-aa9be100ee14,7947,through,Fashion,7,5.18,2025-02-08
125228a4-ca28-45e1-9e8b-b42169e15f60,5494,particularly,Electronics,2,478.46,2025-09-16
db063ffa-1aa3-46d0-95cf-7e1c1fd9912b,6881,section,Fashion,8,227.34,2024-12-12
0ce26a21-25dd-4d97-9ab6-3bd4cb5ddfba,6404,for,Home,1,52.01,2025-08-19
a1d5bf02-ea4c-4f33-8fd5-c052b3f0ef48,4247,happy,Electronics,7,339.6,2025-03-21
c91893e3-e05a-4530-b262-3ffd68392926,3074,brother,Home,10,90.63,2025-04-09
fb1d587c-68c5-4250-871d-a159ac779b5a,5377,control,Home,6,125.82,2025-07-25
938595cf-6024-4258-9312-490363f5b2f1,8601,way,Toys,1,422.68,2025-08-16
28695c95-d9f0-4a3a-99fd-642f0d35a07e,5385,wind,Home,1,149.24,2025-03-18
cd2059a7-8c64-45fa-8def-957e71f9f48a,2636,class,Home,5,296.32,2025-01-28
6dafe922-f6c3-4f6e-9fc6-e6c6044fc0cd,3106,baby,Toys,9,96.75,2025-08-29
d2190013-a7eb-4f2a-aac0-0599f8630c6a,1988,share,Electronics,10,275.81,2025-01-28
6032b9a2-31f8-4b36-9cd2-c4df974417e0,2710,heavy,Home,2,415.88,2025-08-21
a99ec18f-57da-48d4-82d9-faf68aeb2719,1746,organization,Fashion,10,175.66,2025-02-17
3faea74c-7203-4889-8e1f-86ce2e19f823,2963,manager,Home,7,442.09,2025-01-22
3027c958-a0d5-4ad7-a793-6380308896bf,8653,according,Fashion,2,322.8,2025-08-12
5e8030ff-4714-49cc-a594-c3c3ea99a302,6296,report,Fashion,9,337.56,2025-02-08
8db4bcc6-c677-4d5a-b653-1f84ee6fced1,7739,practice,Electronics,1,114.04,2025-03-07
a4839e42-51e4-49ff-8ddf-eeea83fe2b55,5365,or,Toys,7,285.62,2025-05-28
72bcd505-7558-40f8-a66e-8578947367ba,4912,beat,Fashion,8,242.87,2025-05-15
4b20a31a-3fbf-4312-9216-7af61719f0b2,2150,because,Fashion,5,39.86,2024-11-26
52e0edf9-1d66-4eb1-b122-78cb543324e7,8446,growth,Toys,2,419.48,2025-09-15
90294f53-86e5-4a9e-8729-8f1bf4267b8a,8047,strong,Fashion,8,345.85,2025-04-13
6f0b5f55-fb1c-4cb8-bb70-6245b4b36bc9,7261,hold,Electronics,5,445.89,2024-12-29
16875e9a-ea3b-43a3-be45-0b00e19fb93c,5204,conference,Toys,1,204.53,2025-01-14
205a42c6-0296-4c8d-9df2-816ee9655e78,1681,religious,Home,7,106.7,2025-04-30
e7687e77-4af7-454b-9953-66e1fe26e498,9456,marriage,Toys,3,202.35,2025-05-04
f16fa17c-0ecf-4eee-8a51-006c93ad15d2,7095,environmental,Fashion,2,213.2,2025-07-24
924624fd-59b2-4b4e-8238-b1f72f857d96,5789,possible,Home,8,391.17,2025-08-05
c9f8d6f2-9288-4085-b08f-f66638c73492,5715,deal,Home,1,396.5,2024-10-18
d7a6c73e-7d16-4c6d-93b4-541fd3643a43,3616,draw,Toys,9,61.4,2024-12-18
08c555dc-e227-46bb-93a0-0c0cfdfc88df,2796,newspaper,Home,10,210.28,2025-03-30
45a77107-3f95-4e0b-bd35-ac4e879a1c53,5245,happy,Electronics,8,92.75,2025-05-05
aab6d6dc-1ba4-4165-992f-57e859102d33,5005,blue,Fashion,7,96.7,2025-03-09
f3388ad9-727c-4508-b6ba-74e7e4901ac1,7553,ground,Home,6,266.46,2025-06-24
2994cf2a-767d-4499-beef-d2131e56d78b,8140,that,Fashion,8,184.77,2025-06-01
16103114-9e5a-4e6e-a21f-55cbba353f75,1763,behavior,Toys,7,404.47,2024-11-11
2d371748-2de5-418b-99b7-70ba12336524,6445,understand,Toys,5,5.53,2025-07-29
49544f3e-b9f8-497b-b349-c561d503bcf7,2363,action,Toys,8,35.3,2025-07-27
d680b2b8-22a8-429d-b3a6-88bf967ffb32,5547,discover,Toys,6,291.05,2025-07-28
54fc1c8f-62db-4b40-8c7b-ac31fa86e01c,9599,society,Electronics,7,424.61,2025-06-23
827a29e8-ab98-4f20-9c7b-381049fb8dc7,1275,key,Home,4,306.05,2024-11-26
0ae077b0-1530-49e2-a193-254209260946,8814,nice,Electronics,10,446.42,2025-08-13
b3413bbc-dfde-4814-b46a-20468a56238c,2184,physical,Fashion,6,162.26,2025-01-07
eb4d65d2-0bcb-49a9-924e-6d57051bf2ca,5317,painting,Toys,7,133.82,2025-08-26
baebaac5-c03a-4376-9c47-acee264b1417,3011,include,Fashion,8,440.26,2025-02-02
3637cf47-c513-4ea5-8127-844863ece1d1,6614,keep,Home,7,311.77,2025-10-05
648d7eb8-1000-45d1-b2bf-348acceb425e,9200,realize,Home,9,224.08,2025-04-28
5857f7a6-cdf5-4264-b8c6-7672eccce290,8873,since,Electronics,10,453.29,2025-03-14
12b3bfd9-f6e6-4691-b432-c8c1833a45c6,7759,book,Electronics,2,17.28,2025-05-21
c9e0a4c9-6663-4665-9b02-61e5a0e1f6af,5901,serious,Electronics,6,148.36,2025-02-13
2c4380ec-1e20-4450-8ac3-f4df552e45c0,3345,foot,Fashion,7,329.18,2025-09-28
59115140-2a09-467b-982d-99b7db44a991,3553,top,Electronics,6,197.61,2025-06-08
6cc5158d-0059-4f04-b824-2da99f87a390,3251,though,Electronics,4,497.56,2024-11-21
c68fbda6-9ce9-4ccf-b97d-3075c27733d7,1801,guess,Home,8,452.11,2024-12-31
7f29e1a3-16d0-4baa-a88d-d8d9835c1bfe,5444,sell,Toys,1,108.41,2025-07-26
16e70fcb-1bae-4fbd-82fd-cf27ca77114a,7824,feel,Electronics,9,225.0,2025-06-22
fa6cb07c-7925-4319-b409-75a0dee90c1a,7486,despite,Toys,3,431.12,2025-06-10
d785258a-f846-4bdc-affe-c6e4202ccf79,2700,likely,Fashion,8,167.37,2025-02-04
177c4da5-6771-4ed6-9dbc-d2df06a096f0,5399,director,Toys,2,345.68,2025-05-13
50b35dcd-1251-4478-8cf3-38954bf28780,9249,to,Electronics,7,29.48,2025-07-20
de7be685-2418-48ac-8977-7e4f722138f3,2557,alone,Fashion,9,57.96,2024-12-20
6366139d-e602-4ee0-93d0-2a6ac909df42,5479,peace,Electronics,7,410.02,2025-03-12
6fc92d8d-4cf3-4a50-ab3c-958ee391be03,9729,item,Toys,5,417.11,2025-06-21
bdfbe97f-2c66-4f7b-bce2-6e9572d07198,3869,indicate,Toys,1,455.01,2025-05-25
0414b69a-1edd-47bd-84b6-fb401d581abc,5271,what,Fashion,5,91.26,2025-07-21
15c3249d-cb9f-4cae-be81-5832469fe6b1,1482,member,Electronics,1,27.48,2025-02-25
e5fb01f9-aabd-47e5-b47f-00f6d14fcaa7,4555,investment,Home,10,359.55,2025-05-11
92624e27-b485-44dc-a07e-96b877b84ead,1285,PM,Fashion,8,350.75,2024-11-20
94230752-7278-43f3-a6dd-60378587cc30,8616,black,Fashion,9,16.99,2025-01-23
b72a9721-6945-4b7e-81d5-18dd49e974e4,5485,throughout,Fashion,8,192.82,2025-03-19
ae5083e6-d736-4c35-896a-e3b7f5e844e2,6159,protect,Electronics,7,214.68,2025-07-19
0dfc2d4d-210f-4c4f-9db9-50f576ff5d12,2234,thousand,Electronics,9,318.66,2025-06-13
e47b675b-98b9-4708-889b-0a13e950d78e,2016,growth,Toys,4,326.44,2025-09-07
6926f6a9-c51f-4f25-b5ef-5036bc5575da,2269,rather,Electronics,6,400.04,2025-03-06
48850a9d-346a-44ed-b11b-2851639a0478,9455,police,Home,6,357.29,2025-08-21
1dffb359-8072-42fd-afe3-1ff73c422f90,2036,oil,Electronics,8,54.41,2025-02-19
466729ef-3b9f-4c34-aaf5-6569c9c92726,8742,style,Home,3,83.94,2025-09-19
d4e02314-db0c-44d9-aa03-69d08cd87a52,1624,begin,Electronics,7,203.21,2024-12-30
9bcc4445-af67-4157-858f-3d3d1ce4ed9b,6616,score,Home,4,158.68,2024-12-08
93ba7129-265b-4d4d-b203-e2b2515ce9c9,1629,leave,Home,3,303.92,2025-06-28
5a361526-c1a1-41e0-8906-67476f4e2711,5690,story,Toys,8,80.21,2025-07-05
2c06b550-9cc5-4afa-b644-31981c88728e,8130,stop,Electronics,8,223.1,2025-04-11
5f8bbc0f-0b46-4a66-b8a4-1ea57318533b,5942,power,Toys,5,432.53,2025-06-21
d0ceec27-6bc1-4cec-ab48-8b9080533f65,4770,strategy,Toys,8,27.96,2024-12-08
a5fe896e-4480-4094-b186-99138b903483,4727,feeling,Electronics,9,15.24,2025-02-04
657039ee-01cd-4aae-bc42-93fc6ee54b46,9596,story,Toys,3,47.83,2025-06-11
fe9ace8e-4362-482f-85cb-d26ec34e41e5,5928,we,Electronics,4,178.35,2025-01-26
a356580a-cb4c-442d-8e94-a3daade713d1,9543,so,Home,2,173.23,2025-06-21
b77ed4e9-b36b-4e23-89fe-3e716dee1563,4313,traditional,Home,8,479.68,2025-05-21
d5084ab4-013e-4599-99c1-6f3a75b7f537,8392,hit,Toys,5,462.98,2025-02-27
3536f17e-eb38-4caa-bd08-277addd0ef08,9522,writer,Electronics,7,408.91,2025-05-28
d95cd0ce-16e9-4c68-b1ee-558569d10497,5273,cold,Electronics,8,482.72,2025-08-19
92db5506-7a7b-43a8-a6c9-06423cab0a33,5329,find,Electronics,8,141.0,2024-12-06
861ee989-f234-45c6-b3c0-055e4b9000d3,9343,special,Electronics,8,65.67,2025-05-27
9304e0ae-8298-4cb3-9f71-8fed9da5903e,3678,PM,Toys,2,157.11,2025-09-24
42d69e6d-7361-4026-abcc-d752e54f54da,7567,cut,Electronics,3,412.87,2025-02-27
302ad04c-10f7-4a61-bc62-bdea87c0a8ad,7571,final,Toys,2,84.59,2025-10-07
3b7108a9-61ee-41d8-8dc9-1ba5aaa56f61,2556,lawyer,Home,2,208.92,2024-12-14
8b43baba-f2bc-4db5-8955-c20ac04eb362,5974,report,Home,4,412.21,2025-03-19
4655af86-acd5-414c-a3e3-3d51f48cd780,5714,them,Home,9,87.9,2024-11-11
c8da1c36-292f-4f9f-a764-b1c78837bc95,8276,for,Toys,5,423.12,2025-06-18
cfed0425-3689-4833-afc9-1d5f15c7f4f2,1990,develop,Home,4,190.96,2025-02-13
e21d6faa-47d5-45a6-8d62-8f487fcb80eb,4627,education,Electronics,7,124.18,2025-05-25
06a79012-68d0-494b-ad63-3d058ee7784b,5302,image,Home,6,5.85,2025-06-10
f65581a8-12fe-4e17-930b-81a0b55c99ce,1170,across,Fashion,5,433.65,2025-03-09
68a765b6-b3a3-4574-baa8-0c9c60e20dd7,6119,age,Electronics,9,390.03,2025-01-17
9071038c-fd31-4c7a-a6c8-9f459f65a82f,6309,food,Fashion,1,90.56,2025-01-03
2719b022-5a9e-4fe1-9abc-d7c0dd42aee1,5941,allow,Electronics,1,252.15,2025-02-19
66099de0-6fea-4eda-9970-2c94baec3bee,8137,example,Electronics,9,342.29,2025-06-08
ba2a2030-2b7e-4d89-b690-95ada5141b74,4647,how,Home,10,50.99,2025-09-16
02f96dc0-9e5d-476a-86fb-4c74c435ec32,2078,heavy,Toys,8,18.65,2025-07-18
92fa5024-08ef-4917-9429-2dced190e717,4826,TV,Home,6,248.74,2025-09-27
0d3c8dc1-1802-4214-b1b6-86e4efadcaee,3353,white,Toys,8,344.14,2025-07-20
f2757bf3-1918-4f76-9412-53bea43dcd94,9768,maybe,Toys,1,155.1,2025-09-15
5ea32be3-59df-4871-a86b-939b8e5ea58e,4039,Republican,Toys,9,23.95,2025-02-07
45cb5fea-fab3-4315-9e90-8c3072192f01,8108,pull,Electronics,7,233.99,2025-09-08
53175cf8-beb7-474c-819a-3be46bfd1c3c,7740,forget,Fashion,2,480.37,2025-05-07
ed73acf9-122d-40b2-9635-0e5ced136f45,6564,read,Fashion,4,386.36,2025-09-04
d72db6bd-1076-4c69-8e9e-c631829caf0c,3106,together,Toys,4,403.57,2025-04-19
29f8de3c-b853-4d1d-b66a-10bb3fc2b04f,4159,character,Toys,1,186.69,2025-01-27
e0ae8a7b-da19-4061-9fc2-78c647482ded,7247,role,Toys,10,79.25,2025-07-20
c20d91a4-55fc-40ce-bfe4-2d24f0903ba8,6412,benefit,Fashion,10,133.11,2025-02-26
77eebd1d-8644-4d5f-a0b0-fb4a5c14cf05,5346,call,Electronics,9,453.82,2025-04-18
1357dd16-8e73-4b69-9d1a-0ccccd1a2b43,4965,tree,Toys,2,483.09,2025-09-28
70fc44b5-1ec9-4846-bc56-89f60fb09862,7269,forward,Home,10,89.52,2025-01-10
c2d90b77-89d5-4a75-919f-82e87b2702fe,7500,spend,Fashion,2,78.0,2025-06-30
ddf14c4a-9f8a-4210-9328-3ef1f93275e8,1031,mention,Electronics,7,485.98,2025-07-19
5901ed2a-b0cf-4679-a757-b7b7b4fc2ad5,2291,but,Home,1,82.98,2025-01-18
b4738961-1ed3-4b0e-9036-0faed34a61d3,2569,she,Fashion,10,201.89,2025-01-01
cb5c1766-05e9-4c60-b38b-8d841cc3647d,7226,truth,Toys,3,377.24,2025-09-20
f08f9006-be89-460c-9a96-70f38a210b8e,6528,give,Toys,6,71.31,2025-04-19
1230b479-735f-4236-91c5-2171d0b1abc7,4773,while,Electronics,8,153.49,2025-06-01
24c9bc40-4731-4d94-8507-f2fe6494457e,6389,miss,Home,6,398.03,2024-10-21
a32cb65f-78ac-42dc-a1b2-2f87c37f57ee,6003,save,Fashion,4,194.11,2025-05-07
b3b32ea8-1a6a-4f98-a978-79039314dd81,8306,change,Fashion,8,301.27,2024-11-26
4be6d806-5650-46c2-b2ad-412177057990,7563,work,Toys,10,272.2,2025-05-22
9e59de36-b246-4bd5-a33c-27200c9f157d,7532,stuff,Electronics,7,349.83,2025-05-05
3b854a66-d06c-4d90-a028-a05424f616f5,1911,form,Fashion,7,65.64,2025-07-03
580b47e2-6a19-4e9d-ac43-25324edff256,5852,camera,Electronics,1,339.19,2024-12-27
2ac95cde-6160-4f49-8f7b-3cf435ef01d1,3989,vote,Electronics,8,496.41,2024-10-27
ab8d0292-5cc8-4e90-aa12-a7ed042c2abd,5246,recently,Toys,10,290.13,2025-06-26
b6642b51-2145-4a34-b746-96dc0185ff0f,8997,even,Home,4,199.6,2025-01-08
ec5640de-9e04-45b8-9eec-7b1dc636c196,6196,pay,Fashion,2,415.74,2025-05-17
e19ed99b-7700-4a79-822a-3515bbedd7b1,7751,article,Electronics,6,74.8,2025-05-04
bc0860d0-be8f-42f6-9f99-6be6041c4496,3338,fact,Fashion,8,34.53,2025-05-31
76fc1a5d-bf33-4ed8-b43c-b9978d745be2,2639,yeah,Fashion,9,148.9,2025-08-13
269e32d1-edd1-4604-8977-ee48e8d9f0c1,5816,enough,Home,10,300.63,2025-01-19
617a8393-5d70-4bff-a818-373a39bd2200,9704,design,Home,8,91.78,2024-10-19
b1a6447c-2fce-4f64-8528-f5262eb3ba48,2041,west,Electronics,1,234.77,2025-06-02
180fd3e2-3e6a-4fa1-9611-45e407fdef84,8687,open,Home,9,306.9,2025-01-20
d636860a-88e1-4290-9bd9-7a2e16ab858d,9649,compare,Toys,3,455.46,2025-03-08
a5a74708-e1e1-47b9-a273-468e517129d8,4454,president,Toys,1,167.18,2025-09-20
3465ff15-df6a-4658-9307-d6dc59e6d2b5,8758,six,Electronics,2,350.32,2024-11-15
a6654153-42ad-4b7c-a93c-cfd6b62583f3,3319,land,Fashion,9,104.08,2025-02-15
df131ba6-6dab-4989-b121-39a17a20e0b1,9042,describe,Fashion,9,431.43,2025-03-12
9c64b187-36f5-4dfd-8911-9300f9753df4,8228,move,Fashion,7,56.87,2025-03-31
cb58a67a-89f8-4484-8479-0c1ab23ccc8c,7771,agree,Electronics,9,416.35,2025-07-31
fff632c5-5861-4f89-ba3f-adc67d5af447,6697,already,Electronics,3,71.67,2025-06-10
ebbc128e-0f3f-4279-9c8c-c290d34ed906,4646,almost,Electronics,9,116.29,2025-03-02
93b3a50a-0605-4da3-a2b4-c18a1caa6de5,2398,remember,Electronics,6,89.1,2024-10-25
06b1b7f7-07bc-47f0-a647-dc62e632fec1,6068,management,Electronics,1,350.39,2024-11-04
8027e507-ec81-4723-844d-65ad7f33ca3a,4866,contain,Home,9,217.15,2025-04-18
327cc122-babc-4c03-b994-7dcba47a3608,5842,phone,Fashion,2,453.8,2025-04-09
e9260905-3de5-4b33-b8fb-176479ed8d67,3312,buy,Toys,1,157.65,2024-12-11
7d0375ed-a1e1-49f2-9174-353cf584bea1,1984,large,Fashion,6,289.58,2024-12-05
6d496c15-1471-4f06-ade5-7f26ef454185,6991,upon,Home,7,190.12,2025-10-07
3899ed0a-0161-46b5-bad6-e2102379543f,4108,thousand,Fashion,8,322.01,2025-10-13
5169f048-1359-47fd-80ee-1bb857311c76,3305,his,Toys,2,56.51,2025-06-24
aaa3cf71-e839-4efd-93e8-176131d4fa4c,1512,walk,Electronics,4,325.42,2025-05-22
b1ca0afc-2ebc-4f1a-82c5-d592cf66c9a6,9795,building,Electronics,10,334.56,2025-01-12
487d69c3-e708-4493-874f-ac4793981e3e,9372,up,Home,4,66.06,2025-04-05
42eda224-3732-4881-8a98-9e360aa3c249,9555,feeling,Toys,2,427.01,2024-12-04
655aca83-4706-426a-9d20-af278869c764,8033,trouble,Fashion,1,348.84,2024-10-23
571a6b7b-00aa-451b-a52a-2a223d66cdbd,4652,effort,Fashion,8,349.77,2024-10-20
16848f25-eb39-4853-8d2e-fc5c445fda27,4386,I,Electronics,5,52.87,2024-10-30
f1bcdf2a-87f6-4d74-90a8-cc91b2a5c18b,4137,set,Fashion,6,361.97,2025-09-28
5d1e4aee-9e35-4062-81a1-3e7c3aa0ec4c,5790,these,Electronics,9,243.95,2025-04-28
c6ebc0e1-71d4-497f-b970-32ab0a652e7d,8459,past,Fashion,3,453.16,2025-10-11
07083a88-8da3-4fdc-93b2-2e48b5274ad4,2687,tell,Fashion,9,28.69,2025-09-14
c1c9fe1a-779c-4a0e-80d1-8e688f8a8744,5960,four,Fashion,9,407.72,2025-06-09
5dda00fc-80e5-42ce-ba7e-65477b0293fb,2526,important,Electronics,8,180.93,2025-08-28
e66bf727-0c60-482d-8bb2-1e1bbcb01345,6169,bar,Toys,2,435.33,2025-01-16
5cfe900f-a889-48c2-8cae-037ce9409423,7860,gas,Toys,3,163.11,2025-03-21
42450c9c-b7ca-426b-b615-68a36908f0b9,2757,low,Electronics,1,423.35,2025-03-28
606c8be0-6607-4170-8a98-5f039847fa36,3636,medical,Home,9,308.16,2025-08-26
77334dc1-8449-4eb3-94f1-02b403dc5da8,4188,use,Toys,10,462.23,2025-01-18
9132eb74-1975-4b29-a967-a9517b6a8bb4,6511,blood,Toys,10,256.07,2025-05-19
2470d636-58b9-4148-a30d-0be317cd0963,8400,while,Electronics,6,140.57,2025-09-10
ea171095-14ce-4916-a836-7baa1a1baf41,9688,others,Home,3,307.04,2025-09-02
7e480b40-d0b3-46e6-9378-0ba38ce291ea,9919,happen,Toys,8,21.51,2024-11-01
780dfcfb-036b-4750-acb9-943625fa74bd,2471,perform,Toys,1,154.35,2024-12-26
775117fc-2e2d-43ef-890e-3f6412d4dbe1,2284,whatever,Toys,4,66.98,2025-04-17
42d1a803-a4c4-4770-85eb-759723b9a394,5501,value,Home,4,216.21,2025-08-05
b5a369d8-17dd-460c-96fd-b5166603cf1d,1344,year,Electronics,6,287.98,2025-03-18
60bc8039-764c-43cc-8862-bd77a15897b4,5357,bad,Electronics,4,499.61,2025-01-21
95419aee-f5c4-45fd-bb1e-414a511c665e,5545,one,Electronics,4,446.67,2025-07-27
99e56c01-efae-4d86-8168-f05f1ca7c10d,8150,media,Toys,7,268.74,2025-07-12
d2b42b06-96d8-4e2c-9ce3-71d3dab7439a,4867,either,Fashion,1,90.89,2025-07-02
902cfa12-7531-45e5-a64b-2ade809ef30f,1383,book,Electronics,2,369.41,2025-01-07
94ff8023-c71c-4df1-9fba-1f10f13186f9,9792,same,Fashion,3,423.24,2025-07-28
4fae719b-6bd4-46c3-a4c2-a36cb5f4d765,4605,be,Home,5,243.73,2025-02-12
d4806fd8-4c50-4c5e-9621-1ded0da521ba,5070,wall,Toys,4,193.76,2025-01-15
a9212466-2d83-4967-a177-18969b555511,5226,threat,Fashion,8,43.69,2025-01-22
82237609-bb52-452b-aeb5-9d38ac2b56f2,3720,establish,Electronics,7,161.63,2025-01-09
b13358a8-809f-45ce-984e-2a35d1edf130,9041,accept,Electronics,9,399.49,2025-10-07
29e98f11-4c0d-435a-803f-ff0dacc92e18,3752,many,Home,7,92.83,2025-04-16
547d1149-5647-429e-b260-b25f1c6373a2,6357,entire,Toys,2,161.05,2025-03-24
e93b0088-7a8b-4c89-abbe-d45da6793d5e,4360,machine,Fashion,3,445.27,2024-11-14
5c1f4604-1a09-473d-a783-cfb946bc21c9,5293,trial,Electronics,5,191.65,2025-07-24
d73e0588-c52b-4a42-b5fa-b9d84602f32f,5565,various,Toys,10,77.12,2025-05-03
b799db83-974f-43e2-b959-f4323e3dc895,9410,win,Fashion,4,409.09,2025-09-06
8eba3b10-2f02-40ba-8c53-48da60848005,9027,little,Electronics,5,388.77,2025-01-04
f69457e5-738d-494b-bc57-c47202461c3f,7783,reach,Fashion,2,175.16,2024-10-31
fb94e53e-0b5d-4a19-ac3c-8c26e6c575e8,7125,concern,Electronics,2,184.96,2025-04-02
777e766c-0304-4502-ae82-2f43016fc711,2304,appear,Electronics,5,348.23,2025-02-25
a1cb5e79-b9e6-42ec-a30e-21becb649c8c,8578,itself,Toys,10,61.46,2025-10-09
a100bf57-deae-40b4-a73d-49230e2c0d4d,9422,test,Fashion,9,131.87,2025-09-09
b6572bb9-d426-40d9-8b68-85fbb8fa0117,7731,company,Fashion,7,263.03,2025-04-27
6419eb54-a01e-4867-a363-b6626f8680bb,8892,difficult,Home,4,349.8,2025-01-29
09a3a70e-f76d-4f27-b9b5-3dcc2a207e81,4215,off,Toys,9,387.34,2024-12-07
c9918eda-5fe9-42ed-ac73-10dac4a89703,2206,structure,Electronics,5,483.22,2024-10-15
7501f8b9-1d1c-49eb-b43e-3b5789716bec,7434,right,Electronics,1,103.99,2025-07-20
cada4fce-e753-4710-818c-94f605208f6f,4184,marriage,Electronics,10,481.04,2025-04-24
ed90e558-9eda-412e-b71f-63c1f61935fa,7907,ready,Toys,5,9.72,2025-04-22
bf9d8f4b-84ac-4212-8119-a6e9819cb29e,5682,physical,Toys,10,415.1,2024-12-23
477a5576-62e3-4a4a-99a2-a76c6c7ff796,9735,draw,Home,3,296.75,2025-05-03
474699e4-54d0-4a82-a3e3-f144f9f410b8,8527,memory,Fashion,5,12.22,2024-11-29
57573299-c106-4186-b516-a9e53c3c9fcd,5029,still,Toys,4,304.05,2025-05-21
fd9dd180-7a11-473b-8561-d0ffd7b2dd06,2564,relate,Toys,9,42.92,2025-04-23
2c263dd8-417c-44b4-a637-fb563e0dbb0f,5768,assume,Fashion,10,279.3,2025-07-05
690a78ef-39f3-4851-b8fb-1c6dea2a6d64,8677,suggest,Electronics,4,161.41,2025-01-13
6ad0845a-0de9-4a5b-8bbd-a29997a999f4,3809,director,Home,10,56.64,2025-01-07
a86e1ebe-eb2e-4625-a834-554d1bcc3ae5,2230,save,Fashion,7,250.55,2025-05-09
de7fd796-b887-48f4-a4dc-c8c132b6c042,6361,religious,Fashion,3,169.28,2025-03-14
f588c658-3cac-4e91-a57f-9eba53866851,9779,road,Electronics,7,125.88,2025-10-12
8bbbf081-9a0b-4126-a4c2-213f44494e8c,8865,catch,Fashion,7,415.49,2025-06-03
bea21dfd-9f81-41a2-b0b4-05f67a5dab79,3709,call,Fashion,4,170.66,2025-09-01
8c7f8b2c-a636-4bf5-bede-c19c6a8188fa,5666,center,Electronics,8,286.08,2025-07-19
91a6eb4a-3526-409a-a025-6599c0442e22,6579,establish,Electronics,8,286.98,2025-08-16
46ef1a13-a338-4d21-a596-b5644bf78dca,5331,election,Toys,9,83.94,2025-09-16
ac206ba8-e0b4-406f-8bfd-884d5a4ac545,4115,property,Home,8,49.51,2025-02-27
2e6c896d-4a43-42b1-9a1e-86be4fe5182d,9730,ball,Electronics,10,7.33,2025-05-26
e574da0d-4ddc-4141-a0f9-f179aaa1c5cd,3234,big,Home,6,219.67,2024-12-13
bc906361-3142-4cf6-960d-783b5f7a35ec,6206,believe,Home,6,52.16,2025-04-19
bcac5ea6-7621-4774-b72f-a4ef2074b9ad,9857,learn,Electronics,7,141.35,2025-02-25
9382c3e3-7d99-498a-8a4e-8cf9f20c500e,4825,control,Electronics,2,195.82,2025-04-14
68c74dcd-dbca-4eb3-9c27-2955cb1f40b2,6985,they,Toys,8,218.51,2025-08-07
35d1b5ee-2e0d-46be-a4d6-9b11b6c2e53a,8872,economic,Toys,1,149.61,2024-12-24
a925062e-7369-4b44-b469-c8fcdcbe9c54,2498,seven,Toys,7,257.75,2025-07-17
0d8452d4-5bb3-44c5-87f2-8c4358502f31,4469,provide,Toys,5,318.46,2025-01-18
bbf7c095-4318-421d-ae2f-7ab165b2fe3b,1721,series,Toys,2,121.34,2025-07-09
428c2b3e-5102-4b9f-b647-874df64c2b25,9097,close,Toys,4,443.09,2025-04-12
619852b7-2982-45a9-b008-4e2f4532dbd5,3931,into,Electronics,2,70.59,2024-10-23
5edcf6c5-4188-4f55-8c73-a23ce83ba9dc,2436,yes,Electronics,5,381.73,2025-07-21
56eb5580-9acd-4943-819b-0e047faad4c8,9444,edge,Toys,8,310.36,2024-11-22
e96cfb9d-d14d-43bf-8ed5-d5021ddb5f66,1125,cover,Electronics,1,16.72,2025-05-28
a26ad619-7d4b-4d79-be6f-d151bb2b57af,3170,support,Fashion,7,187.94,2025-03-20
c17fce0c-292f-4c8d-b26a-14449b07ca9b,4935,quickly,Electronics,2,249.97,2025-04-05
25129d5c-ee36-4ec1-b89f-c736908600ef,3451,kid,Home,3,374.7,2025-04-20
7676938e-237e-451c-b3ee-75eddb8a60fe,3389,center,Fashion,1,246.41,2024-12-21
6a185bf9-834e-444a-b092-94be41fa78fd,6708,half,Fashion,5,312.59,2024-12-12
07aa44e2-0c71-45e2-83c0-0ea3479a5a17,4600,over,Toys,5,303.9,2025-01-29
4ff3e4ed-9f8b-4a92-92cc-253a34762d6a,7088,money,Toys,6,39.02,2024-11-07
e850b99a-8858-429b-8f69-b1d2491fc8ae,3096,prove,Electronics,9,272.17,2025-02-16
24a6ed42-8c1c-46a8-bc22-318ac51a5e9f,4842,garden,Electronics,2,341.48,2025-05-09
61464e2e-ace7-4af7-9427-b4e6e705634e,9934,ground,Toys,2,468.11,2025-06-08
e93d5dba-c263-473d-9e4d-e8f43a7c24d1,1087,attention,Electronics,4,311.56,2024-11-22
42cb2032-0cfc-463c-9f13-0791f7923dd5,4921,mother,Fashion,8,353.24,2024-10-15
dbe7d688-b52c-44fb-a2f3-d72d28bd52ba,7402,wife,Fashion,6,43.43,2025-07-23
7dad04d8-a421-42a5-883f-6237cb398a92,7848,nearly,Home,1,148.52,2025-07-02
413d4bd3-49ce-4a73-a87f-984b6339b18c,9835,entire,Fashion,1,79.21,2024-10-26
efbca2b3-449d-4753-98ea-84069f86715b,9462,interview,Home,3,397.53,2024-11-07
b4504613-32c2-43a1-aa68-65296fe1b8ab,5283,direction,Home,3,309.39,2025-03-12
02f8271b-2c73-4540-81f7-d3bbf77971b0,1138,sure,Electronics,1,206.33,2025-09-07
5eb79034-bd47-479c-99dc-57c1ff57e408,5919,music,Home,1,196.57,2025-03-24
31036aec-98d4-4ba3-b49c-73f143aba746,3704,society,Fashion,7,290.17,2025-07-19
8f9451ff-0cc6-4b30-8d3d-646632156bae,1084,majority,Home,10,107.68,2025-02-04
64710f92-0d40-4668-842d-019b45c90200,7948,another,Toys,3,461.53,2025-08-24
c6d4e408-f264-4799-8749-6274775bf235,4163,clearly,Fashion,7,202.84,2024-11-22
14c41af0-3fb9-4d95-b2b0-00583c2dc6bd,8215,write,Toys,8,325.91,2025-02-13
0bda28d6-1975-4db0-8018-250180f00d15,1503,under,Home,6,470.57,2025-07-03
1d0d9a5a-95cd-4218-8559-8b2f73fa37be,4177,woman,Fashion,9,456.0,2025-06-13
ff925d94-2e7e-4873-b552-4ced19a8c553,9709,method,Toys,9,254.04,2025-06-12
106770dd-6a4a-4448-b09e-07a64b36fb82,7901,kid,Fashion,9,489.41,2025-03-15
157bb004-2647-41da-9bd9-87cb2a990555,5287,able,Toys,9,63.73,2024-11-20
09301539-2dca-45a6-a2ee-617283a1505b,6061,nearly,Toys,10,446.87,2025-04-28
423cfc54-c7c8-4b13-993d-914aed2ea41c,9703,network,Electronics,3,319.74,2025-10-02
e2e7af87-0e1f-4101-8ee2-c76123378d71,9326,figure,Electronics,9,455.43,2025-07-09
ffe77f12-a40b-462c-9900-dc463288731a,6277,very,Home,9,28.91,2025-06-08
6a9b0abb-4d0c-4b6a-88c0-c387106a1b96,7011,seek,Fashion,5,223.76,2025-06-22
87b09c23-bd29-4e2d-b70b-b7a0ca4c6f8a,7607,become,Electronics,5,451.29,2025-01-25
6471385f-6ea3-4f03-868b-cf51496dffc6,1437,marriage,Fashion,9,228.86,2025-08-27
4339587b-af78-483f-81af-5037d2255157,3128,wide,Home,9,77.23,2025-04-15
99350081-5909-4a24-92a2-e56d30502db2,4133,world,Home,5,105.04,2025-03-21
935c52a6-453f-45ac-9f93-b545ba7ebd12,1768,law,Toys,8,359.94,2025-06-13
cce0129b-c15c-4b4a-b7c8-083d0449a80e,9280,heavy,Toys,10,477.63,2025-06-22
5356c61f-b07e-46b6-b79b-034b59b5f19f,4240,weight,Fashion,8,262.97,2025-01-17
c02622fd-ab0d-4c1d-b73b-67be5d354712,4837,according,Toys,9,106.04,2025-06-07
9ddcebfe-85ae-47e7-8d99-ecdc538b47f8,3015,appear,Toys,5,250.83,2025-03-21
1ebaacc2-bb3c-4075-ac9b-481b6c40a9d1,8500,four,Home,2,98.62,2025-08-16
3a159c2f-1198-4891-bbea-8bace8020ff6,3509,blue,Toys,9,305.06,2025-06-03
1d89d2f8-343e-4c06-ab11-a0b31356cdab,5094,cause,Toys,1,405.8,2025-09-23
abb312ae-fed4-4086-988d-afe3368951e9,4695,need,Fashion,4,319.87,2025-07-31
b479baac-cc8a-4037-972f-b301f6727acd,4394,skill,Electronics,7,35.56,2025-01-06
893ddb4e-084d-4ae7-be8d-4bab4d15bd9a,8852,analysis,Home,3,104.68,2024-11-25
8ece708a-f742-4ac8-b4e4-f7b871b2668a,7692,boy,Toys,8,399.77,2025-01-11
02077a55-6053-41d9-b5eb-32f3b76c5bbd,9925,our,Electronics,3,76.32,2025-08-05
a6e3c115-bf1b-4fd6-8fe4-56f698024504,3262,your,Home,1,45.06,2025-04-01
f0a7a4d6-4551-4100-b455-317966886ceb,2125,affect,Electronics,8,121.33,2024-11-03
bf34240c-2391-4137-968e-2569a3bab3ec,7131,strong,Home,7,218.98,2025-06-08
e45309df-fdc3-48f4-b59e-38425ccd808f,8411,while,Home,9,358.23,2025-04-20
0c01aeb6-fce4-43cc-acb9-918551864d64,1762,develop,Home,10,394.99,2024-12-10
662b8b1f-4097-4e91-bc6d-7d29e80fdedd,5633,least,Toys,2,460.21,2025-03-23
a54cfe83-ebfc-4b4c-844d-21e6dbb8aca2,8542,behind,Home,10,346.13,2025-07-21
49241575-fc4c-4b77-9f76-5cd2fcf746ab,8051,along,Toys,8,441.3,2025-09-26
7fe4f8b5-d695-43e3-b855-ec048de473db,3441,upon,Toys,3,27.18,2025-08-24
02f464ab-8801-43df-930b-eac2a731e412,2076,him,Home,8,77.52,2025-04-08
c4c5a28b-e534-45f0-b767-d7ba08cefa58,1870,rich,Electronics,7,206.23,2024-12-02
390a9a06-3672-4be6-8fd1-e730aa27ebee,2778,including,Home,7,356.08,2024-11-24
0d259ccb-f6aa-424a-97e3-ceb38d7aba67,9212,enough,Toys,8,372.16,2025-04-25
a0f8683f-d4ab-4a24-b869-c8f393c608cc,7984,level,Toys,3,281.32,2025-06-28
0a41aa1c-6db7-4ebe-a4d8-3e490e1aa7e7,9532,heavy,Fashion,9,63.9,2025-03-11
e98ccf7e-2c8c-4490-a30d-c94123451413,9104,response,Toys,4,207.22,2025-08-05
b2dc5d75-f21d-4124-b282-604969ad0976,3645,particularly,Home,2,131.24,2025-09-14
17967d5f-e34f-427d-9be0-f9e5da642531,6902,factor,Home,3,403.73,2025-03-04
82afaf8a-d890-4548-b703-9b79669dd644,5170,sign,Fashion,1,192.04,2025-06-11
5c71488c-fa99-4bf1-a8ae-bc2dbc35841c,5963,become,Electronics,7,371.38,2025-05-28
f2aa7a43-8411-42d6-9b3f-2cceced4a5a7,4126,interview,Home,4,349.03,2025-09-25
3a2f6d92-8a15-4528-947c-8cdfcdb7e436,4680,answer,Home,3,396.74,2024-11-21
0e17a210-a3e8-4ede-b64b-d75062e42b19,6262,western,Electronics,4,114.19,2025-09-21
2a626441-e28e-4929-8d0f-116748dea3f0,4230,prove,Fashion,10,176.33,2024-11-17
f3ac5526-f66a-4003-9cd5-d163c9fd90a2,8561,season,Home,3,345.25,2024-11-21
baa8577e-ce06-4ee1-ab3d-4c9e5d397618,7243,window,Fashion,7,379.82,2025-03-25
261bf43c-16d0-4544-8d53-e1c8e1dbc114,7343,work,Home,3,373.47,2025-02-03
09a85063-2c36-4ed9-be45-441454b90e7f,6569,law,Toys,1,341.88,2025-07-26
b90c6e4b-1a11-4137-8292-4b29b1eb129c,8309,factor,Home,1,282.14,2025-05-28
53227f67-ebf3-4652-a3d8-1223f5df46fb,9746,strong,Fashion,2,335.66,2025-05-12
38b48525-e9fa-4254-a9b8-5657a95fc374,6570,ahead,Electronics,8,259.42,2025-05-18
7eaa0bd7-5ad1-478c-b1c9-810ae2bc2e0e,5010,camera,Toys,3,49.98,2025-04-26
255145ad-1c11-4b46-b18c-6b5b08ac0513,5068,thus,Home,10,202.98,2025-06-19
d8f4ce12-42d3-474e-b225-996b5b5d82ba,7760,figure,Electronics,2,451.43,2025-10-09
84f1598c-e94d-4d74-a33c-5c8c74301369,9614,dog,Home,1,391.03,2025-10-05
f8aadf82-500f-408a-8e65-105883e5ea0a,5800,whatever,Fashion,1,453.09,2025-03-20
47221c5c-369b-4f38-9233-93a959e8774f,1816,start,Toys,2,317.17,2024-12-17
f94ec796-d62e-4ae6-86f2-63d9dc82e8a0,1396,despite,Home,8,131.3,2025-03-19
85f4e79f-c396-4954-a220-835a371f3adc,6648,produce,Fashion,5,470.89,2025-10-07
61fbc985-9ab7-4a33-b6ad-0ed91d3942c0,7417,mean,Fashion,3,229.75,2024-11-29
71739202-8b77-4795-8028-f731d308c958,4550,during,Fashion,2,21.21,2025-01-13
38e97c4c-866c-44e8-b941-f05439bd8935,3917,protect,Fashion,2,426.33,2025-02-02
4857f12f-b83e-473b-a484-227fa0cddf05,9627,center,Home,3,29.9,2025-02-21
87515c7b-cd6a-438a-89f8-523cc1eaf9a9,2786,impact,Fashion,1,429.44,2025-05-02
0c6c714e-17c1-4777-84c3-7d7a1f34baea,9313,drug,Fashion,1,488.65,2024-11-01
d82deb56-6d1c-4d4a-b358-c87d1638f4e7,8391,business,Toys,10,214.76,2024-11-10
ad9578c4-37c3-4322-a260-8960a471ee11,4065,car,Home,10,66.57,2024-10-22
1f700f71-c598-4f2c-a088-e3c0a0a15f65,9463,money,Electronics,2,72.22,2025-04-19
71c60cfe-203b-435b-b487-a1cc5ceedbb5,5537,back,Toys,9,483.99,2024-10-22
e85f58cc-7536-41d1-9309-9ccc7d2b0150,3895,determine,Toys,2,43.65,2025-03-13
75c9d5b3-2d80-4c4b-bf39-fd89ba57760d,1729,paper,Home,6,201.07,2025-08-09
7cc0d494-4586-43f0-ac93-b7b5cff3cecc,7527,however,Home,8,162.11,2025-06-26
388893ed-c7f0-4f6e-ab24-56d17d310a3d,8815,at,Home,10,185.77,2025-05-06
6b6ec51c-f69f-4ba3-8217-884d6a189711,1564,take,Toys,8,476.09,2025-01-27
a14a1ba3-cd70-4ffb-a9ec-bf0fc662edf5,3818,a,Fashion,4,444.89,2025-05-14
71d0bd4c-0d48-477a-9882-35e81baef30f,6476,house,Home,10,175.72,2024-11-01
c4c12f06-d2f7-4629-aa43-4f990cd15fc4,3782,think,Toys,3,155.35,2024-11-29
1e43f9c3-2556-49c3-bc59-5c99d325c1cd,4760,case,Home,9,309.53,2025-02-16
c815f7f3-9b12-49ec-9a2f-0fc2b945c081,4832,federal,Fashion,6,166.53,2025-09-17
50880f90-753f-4e07-b2b7-7d2d0245a6b8,1845,protect,Electronics,5,115.77,2024-11-22
7925727f-f4ce-44ea-a4aa-cd1e194623b6,8334,south,Electronics,7,390.39,2025-08-20
40ee34df-ddee-47c8-8b03-ef986b95f1f0,2245,dog,Electronics,5,175.44,2024-11-23
eceb91d5-1932-4282-b9dc-6251e2b7631b,5892,sign,Home,4,177.67,2025-06-17
9a727fba-c67d-4611-9761-0f55aef72cbc,3927,other,Fashion,2,400.59,2025-08-21
53cca4bc-5fab-4f91-9ef4-f22be4d3d895,3178,finish,Fashion,2,304.03,2024-11-03
63d38df7-04dd-4ba6-95d5-4ebd91851d43,1436,he,Electronics,2,486.82,2024-10-30
dc3ddcab-fd1d-45fe-a0bd-e51bf61f32d9,4920,answer,Home,6,375.08,2025-01-01
a14825f1-fc93-4089-a9a8-5c379e1ee713,8437,might,Fashion,5,254.95,2025-08-15
1e6da64f-6186-4a70-9fc0-c4f14e439f04,6102,vote,Fashion,4,175.41,2025-09-25
0cb5bba3-cd09-4f1c-8d43-f79494042cad,4280,impact,Home,1,27.64,2024-12-18
02174a59-674a-439c-aa49-654d21816277,2613,various,Electronics,5,350.89,2025-04-20
7b87011a-096f-4202-b663-dcb3dc7d7f61,7935,major,Electronics,4,228.3,2025-07-27
3daa42bb-6ff3-4b08-93ad-04238cc74f8f,1879,society,Home,7,474.2,2025-10-14
61d1d21b-54f7-479d-b2d5-9b5c32d6ab78,4748,town,Home,9,131.47,2025-03-29
96d7eb5a-7503-4fa8-9608-2dc1acee7c0c,7344,who,Toys,5,428.72,2025-07-24
d5afd952-23ec-4c8c-a239-abc2f52e52be,7698,behind,Fashion,10,399.59,2025-09-11
6140fc76-ccb1-49bd-9b65-0f44eed8389b,2644,together,Toys,10,318.54,2025-02-25
93b09d56-45e0-407f-b7f5-6c586548b082,5921,couple,Toys,10,201.42,2025-04-03
5ddd7abc-d171-4d3a-8ad7-3c0dd2edd4a5,6118,all,Home,10,333.03,2025-05-20
a4e8bf77-ff6a-439e-bd3d-17fc8ec26204,7921,despite,Fashion,9,294.79,2025-09-02
382f55fc-a5a0-4062-adac-4e4376f6daf7,3334,small,Toys,9,352.56,2024-10-26
